event_name,category,max_temp,min_temp,avg_temp,total_rain,max_wind,avg_humidity,impact_score,prob_disruption
Hurricane Ian (FL),Hurricane,29.5,23.4,25.9,7.9,16.6,86.38,1.65,0.0
Hurricane Ian (FL),Hurricane,32.2,23.5,26.86,10.5,13.4,84.29,2.82,0.01
Hurricane Ian (FL),Hurricane,33.0,23.0,26.93,4.1,21.4,82.25,1.89,0.0
Hurricane Ian (FL),Hurricane,33.3,23.1,27.63,2.6,10.7,78.0,2.59,0.01
Hurricane Ian (FL),Hurricane,33.8,24.0,28.39,0.4,9.2,74.29,2.72,0.01
Hurricane Ian (FL),Hurricane,33.8,23.9,27.99,0.9,11.2,78.79,2.33,0.01
Hurricane Ian (FL),Hurricane,33.0,24.4,27.96,2.5,13.4,80.96,2.26,0.01
Hurricane Ian (FL),Hurricane,30.0,23.6,25.82,23.0,16.8,89.71,3.43,0.02
Hurricane Ian (FL),Hurricane,30.4,23.9,26.25,9.9,23.5,86.5,2.14,0.0
Hurricane Ian (FL),Hurricane,30.0,23.3,25.94,15.4,17.5,88.33,2.68,0.01
Hurricane Ian (FL),Hurricane,31.6,24.0,26.87,8.4,13.2,86.25,2.58,0.01
Hurricane Ian (FL),Hurricane,31.2,23.3,26.27,12.7,14.1,87.88,2.84,0.01
Hurricane Ian (FL),Hurricane,30.7,22.5,26.16,2.9,10.3,85.46,2.21,0.01
Hurricane Ian (FL),Hurricane,28.3,22.4,25.38,23.3,13.9,87.12,3.72,0.02
Hurricane Ian (FL),Hurricane,28.9,23.6,25.5,19.4,14.3,90.33,3.32,0.01
Hurricane Ian (FL),Hurricane,29.0,22.9,25.32,20.2,14.6,88.92,3.35,0.02
Hurricane Ian (FL),Hurricane,30.8,23.0,25.61,20.9,14.0,88.96,3.74,0.02
Hurricane Ian (FL),Hurricane,29.5,21.9,25.01,11.6,8.1,88.04,3.7,0.02
Hurricane Ian (FL),Hurricane,30.4,22.6,26.13,3.1,12.1,84.71,1.83,0.0
Hurricane Ian (FL),Hurricane,31.1,23.0,26.15,7.5,12.4,85.17,2.32,0.01
Hurricane Ian (FL),Hurricane,31.3,23.4,25.93,6.8,16.0,88.17,1.88,0.0
Hurricane Ian (FL),Hurricane,30.9,22.7,26.03,2.5,10.0,85.92,2.22,0.01
Hurricane Ian (FL),Hurricane,32.8,23.0,26.94,0.5,10.4,82.83,2.17,0.0
Hurricane Ian (FL),Hurricane,31.1,24.4,26.85,2.0,15.9,83.5,1.55,0.0
Hurricane Ian (FL),Hurricane,30.6,23.2,26.19,6.1,16.4,85.12,1.64,0.0
Hurricane Ian (FL),Hurricane,31.5,23.4,25.83,9.5,18.5,88.0,2.29,0.01
Hurricane Ian (FL),Hurricane,25.2,23.0,24.11,31.5,23.4,93.42,4.48,0.05
Hurricane Ian (FL),Hurricane,26.6,23.3,24.86,146.0,105.7,90.79,9.95,0.92
Hurricane Ian (FL),Hurricane,27.0,22.4,24.28,15.9,79.9,80.29,6.86,0.35
Hurricane Ian (FL),Hurricane,26.5,17.0,21.44,0.0,18.7,72.75,1.16,0.0
Hurricane Ian (FL),Hurricane,28.5,18.5,22.78,0.0,10.2,79.29,1.87,0.0
Hurricane Ian (FL),Hurricane,28.0,19.5,23.46,0.0,15.5,73.71,1.17,0.0
Hurricane Ian (FL),Hurricane,28.9,17.9,22.83,0.0,14.0,73.54,1.36,0.0
Hurricane Ian (FL),Hurricane,27.9,18.6,23.07,0.0,12.6,77.38,1.55,0.0
Hurricane Ian (FL),Hurricane,28.4,18.7,23.19,0.0,15.0,75.5,1.22,0.0
Hurricane Ian (FL),Hurricane,29.0,19.5,23.92,0.0,9.8,74.38,2.08,0.0
Hurricane Ian (FL),Hurricane,28.7,18.8,23.6,0.0,15.1,67.92,1.22,0.0
Hurricane Ian (FL),Hurricane,30.6,18.6,23.68,0.0,17.5,70.96,1.2,0.0
Hurricane Ian (FL),Hurricane,30.8,21.6,25.06,2.1,17.2,73.25,1.37,0.0
Hurricane Ian (FL),Hurricane,30.3,22.4,25.56,1.4,16.8,86.33,1.17,0.0
Hurricane Ian (FL),Hurricane,31.1,23.6,26.67,2.6,11.9,81.25,1.87,0.0
Hurricane Ian (FL),Hurricane,31.5,23.6,26.55,4.9,11.0,82.58,2.29,0.01
Hurricane Ian (FL),Hurricane,29.2,23.0,25.03,12.3,13.4,88.96,2.56,0.01
Hurricane Ian (FL),Hurricane,29.8,21.9,25.09,1.9,12.4,85.67,1.69,0.0
Hurricane Ian (FL),Hurricane,29.8,22.4,25.07,5.7,19.7,83.75,1.59,0.0
Hurricane Ian (FL),Hurricane,30.1,21.6,25.0,3.5,15.1,80.08,1.68,0.0
Hurricane Ian (FL),Hurricane,27.8,21.8,24.2,1.7,14.1,88.0,1.59,0.0
Hurricane Ian (FL),Hurricane,27.4,22.2,24.2,4.1,18.0,89.67,1.47,0.0
Hurricane Ian (FL),Hurricane,24.1,14.6,18.25,3.7,20.2,58.79,1.86,0.0
Hurricane Ian (FL),Hurricane,20.5,12.9,15.9,0.6,17.2,66.58,1.44,0.0
Hurricane Ian (FL),Hurricane,24.2,14.9,18.8,2.0,16.9,64.79,1.45,0.0
Hurricane Ian (FL),Hurricane,26.9,15.0,20.17,0.0,13.7,67.42,1.59,0.0
Hurricane Ian (FL),Hurricane,28.4,17.4,22.22,0.0,13.6,73.46,1.51,0.0
Hurricane Ian (FL),Hurricane,29.1,18.0,23.04,0.1,14.8,73.67,1.43,0.0
Hurricane Ian (FL),Hurricane,29.0,18.6,23.42,0.0,14.0,73.96,1.35,0.0
Hurricane Ian (FL),Hurricane,27.9,17.1,22.52,0.0,12.7,80.29,1.62,0.0
Hurricane Ian (FL),Hurricane,29.0,19.8,24.14,0.0,10.5,81.96,1.91,0.0
Hurricane Ian (FL),Hurricane,30.9,19.1,24.61,0.1,14.7,77.79,1.53,0.0
Hurricane Ian (FL),Hurricane,30.0,20.2,24.62,0.7,17.9,74.42,1.14,0.0
Hurricane Ian (FL),Hurricane,30.7,20.6,25.2,0.0,13.4,71.96,1.54,0.0
Hurricane Katrina (NO),Hurricane,30.4,26.1,28.08,3.7,8.9,82.54,3.11,0.01
Hurricane Katrina (NO),Hurricane,31.8,26.3,29.25,0.9,8.7,76.25,2.93,0.01
Hurricane Katrina (NO),Hurricane,32.2,27.4,29.52,1.1,12.3,73.67,2.85,0.01
Hurricane Katrina (NO),Hurricane,31.8,27.1,29.0,2.9,13.2,77.04,2.8,0.01
Hurricane Katrina (NO),Hurricane,31.9,27.9,29.49,1.4,11.9,76.12,3.02,0.01
Hurricane Katrina (NO),Hurricane,32.6,27.2,29.68,0.6,9.3,76.83,3.27,0.01
Hurricane Katrina (NO),Hurricane,31.6,28.0,29.83,5.4,13.3,78.12,3.34,0.02
Hurricane Katrina (NO),Hurricane,32.5,26.9,29.2,0.6,10.0,79.25,2.83,0.01
Hurricane Katrina (NO),Hurricane,30.4,25.9,28.08,20.0,11.3,84.38,4.23,0.04
Hurricane Katrina (NO),Hurricane,30.1,27.0,28.25,6.7,12.6,85.0,2.93,0.01
Hurricane Katrina (NO),Hurricane,31.0,27.8,29.04,6.6,12.3,82.0,3.32,0.02
Hurricane Katrina (NO),Hurricane,29.9,26.4,28.46,3.3,10.6,84.21,2.59,0.01
Hurricane Katrina (NO),Hurricane,32.0,26.7,29.01,0.2,16.4,75.92,1.91,0.0
Hurricane Katrina (NO),Hurricane,30.2,26.6,28.26,12.2,32.9,80.25,3.66,0.02
Hurricane Katrina (NO),Hurricane,27.1,25.5,26.05,203.9,117.9,89.12,10.0,0.92
Hurricane Katrina (NO),Hurricane,29.9,25.1,27.32,5.3,35.9,75.67,3.4,0.02
Hurricane Katrina (NO),Hurricane,30.1,25.2,27.25,2.4,10.2,87.75,2.28,0.01
Hurricane Katrina (NO),Hurricane,29.0,25.9,27.42,4.9,9.7,87.04,2.88,0.01
Hurricane Katrina (NO),Hurricane,30.1,24.9,27.24,0.0,11.8,80.96,1.6,0.0
Hurricane Katrina (NO),Hurricane,31.1,24.8,27.59,0.0,13.8,74.79,1.52,0.0
Hurricane Katrina (NO),Hurricane,30.1,24.3,27.32,0.0,12.6,70.46,1.5,0.0
Hurricane Katrina (NO),Hurricane,28.8,25.7,27.26,1.6,21.4,75.12,1.46,0.0
Hurricane Katrina (NO),Hurricane,29.3,24.2,26.79,0.0,22.1,65.04,1.09,0.0
Hurricane Katrina (NO),Hurricane,29.8,24.1,26.75,0.0,22.2,65.38,1.09,0.0
Hurricane Katrina (NO),Hurricane,29.6,23.8,26.76,0.0,16.1,66.25,1.05,0.0
Hurricane Katrina (NO),Hurricane,29.6,23.4,26.88,0.0,10.5,71.83,1.67,0.0
Hurricane Katrina (NO),Hurricane,29.2,23.7,26.77,0.0,10.4,73.33,1.69,0.0
Hurricane Katrina (NO),Hurricane,30.2,22.9,26.71,0.0,18.0,67.12,1.0,0.0
Hurricane Katrina (NO),Hurricane,29.8,23.0,26.57,0.0,11.9,71.79,1.43,0.0
Hurricane Katrina (NO),Hurricane,29.7,22.7,26.49,0.0,10.1,70.21,1.77,0.0
Hurricane Katrina (NO),Hurricane,30.2,23.8,26.96,0.0,14.1,70.71,1.26,0.0
Hurricane Katrina (NO),Hurricane,31.2,25.2,27.86,0.0,13.7,72.67,1.76,0.0
Hurricane Sandy (NY),Hurricane,21.2,16.0,17.82,5.5,18.1,76.17,2.21,0.01
Hurricane Sandy (NY),Hurricane,16.5,9.8,13.19,2.0,22.2,68.88,2.08,0.0
Hurricane Sandy (NY),Hurricane,16.0,5.9,10.31,0.0,8.3,68.12,3.13,0.01
Hurricane Sandy (NY),Hurricane,17.7,8.7,12.89,0.0,16.9,75.83,1.66,0.0
Hurricane Sandy (NY),Hurricane,18.7,14.7,16.96,30.4,20.6,92.21,4.86,0.07
Hurricane Sandy (NY),Hurricane,19.9,13.8,16.93,0.2,15.2,83.96,1.63,0.0
Hurricane Sandy (NY),Hurricane,17.7,9.3,13.0,0.0,18.4,61.46,1.62,0.0
Hurricane Sandy (NY),Hurricane,18.7,9.1,13.0,0.0,15.7,63.5,1.54,0.0
Hurricane Sandy (NY),Hurricane,18.1,9.3,13.42,0.0,11.3,76.54,2.15,0.0
Hurricane Sandy (NY),Hurricane,17.9,12.8,14.62,2.6,9.7,88.04,2.97,0.01
Hurricane Sandy (NY),Hurricane,16.5,12.8,14.41,1.0,8.9,86.46,2.92,0.01
Hurricane Sandy (NY),Hurricane,18.9,13.1,15.7,0.0,6.5,82.46,2.78,0.01
Hurricane Sandy (NY),Hurricane,17.4,13.7,15.52,0.0,10.5,83.83,2.35,0.01
Hurricane Sandy (NY),Hurricane,14.6,12.8,13.73,0.4,24.3,76.71,2.25,0.01
Hurricane Sandy (NY),Hurricane,16.4,11.1,12.88,27.6,60.6,85.62,7.42,0.48
Hurricane Sandy (NY),Hurricane,15.1,11.1,12.18,13.0,59.1,81.88,6.89,0.35
Hurricane Sandy (NY),Hurricane,11.1,7.0,9.1,0.8,17.1,71.88,2.39,0.01
Hurricane Sandy (NY),Hurricane,10.6,5.5,8.38,0.0,16.8,71.5,2.27,0.01
Hurricane Sandy (NY),Hurricane,11.0,7.4,8.84,0.0,18.1,68.17,2.19,0.0
Hurricane Sandy (NY),Hurricane,9.3,4.3,6.64,0.0,22.9,62.04,2.43,0.01
Hurricane Sandy (NY),Hurricane,9.7,3.0,6.06,0.0,18.1,64.33,2.25,0.01
Hurricane Sandy (NY),Hurricane,7.8,3.6,5.53,0.0,15.3,57.0,2.75,0.01
Hurricane Sandy (NY),Hurricane,5.8,-1.2,2.88,0.0,13.0,58.67,3.88,0.03
Hurricane Sandy (NY),Hurricane,3.6,1.1,2.52,13.0,26.3,79.17,5.71,0.14
Hurricane Sandy (NY),Hurricane,6.0,0.8,2.55,8.3,28.4,70.96,5.22,0.09
Hurricane Sandy (NY),Hurricane,8.1,0.8,3.65,0.0,18.7,64.96,2.62,0.01
Hurricane Sandy (NY),Hurricane,12.2,1.2,5.78,0.0,10.7,74.79,3.03,0.01
Hurricane Sandy (NY),Hurricane,16.7,4.9,9.86,0.0,10.8,84.0,2.53,0.01
Hurricane Sandy (NY),Hurricane,18.0,6.5,11.56,0.0,15.7,89.33,1.8,0.0
Hurricane Sandy (NY),Hurricane,14.6,6.8,10.94,5.2,22.7,86.46,3.0,0.01
Hurricane Sandy (NY),Hurricane,8.1,1.7,4.67,0.0,15.9,65.29,2.6,0.01
Hurricane Sandy (NY),Hurricane,6.9,1.0,3.43,0.0,13.5,70.33,3.47,0.02
Typhoon Haiyan (PH),Hurricane,28.0,24.0,25.55,6.2,10.1,89.25,2.39,0.01
Typhoon Haiyan (PH),Hurricane,27.5,24.7,25.65,6.6,13.7,89.5,2.27,0.01
Typhoon Haiyan (PH),Hurricane,28.2,24.4,25.6,14.0,14.3,90.75,2.81,0.01
Typhoon Haiyan (PH),Hurricane,26.6,24.6,25.52,15.5,24.0,91.33,3.09,0.01
Typhoon Haiyan (PH),Hurricane,28.5,24.5,25.93,9.2,14.9,89.25,2.14,0.0
Typhoon Haiyan (PH),Hurricane,29.2,24.7,26.55,7.1,15.9,86.79,1.8,0.0
Typhoon Haiyan (PH),Hurricane,27.7,24.9,25.82,37.7,43.7,89.96,6.54,0.28
Typhoon Haiyan (PH),Hurricane,26.9,25.4,25.93,79.7,54.3,91.88,8.75,0.78
Typhoon Haiyan (PH),Hurricane,28.0,24.5,26.24,5.5,24.5,89.12,1.9,0.0
Typhoon Haiyan (PH),Hurricane,29.4,24.9,26.64,3.1,16.1,85.42,1.55,0.0
Typhoon Haiyan (PH),Hurricane,29.2,24.6,26.46,9.3,22.1,85.67,2.01,0.0
Typhoon Haiyan (PH),Hurricane,26.8,25.1,25.78,15.0,25.1,90.58,3.07,0.01
Typhoon Haiyan (PH),Hurricane,28.4,24.8,26.07,10.9,14.5,90.0,2.46,0.01
Typhoon Haiyan (PH),Hurricane,28.1,24.7,26.3,3.0,14.1,89.25,1.86,0.0
Typhoon Haiyan (PH),Hurricane,29.0,23.6,25.86,5.2,18.4,86.88,1.46,0.0
Typhoon Haiyan (PH),Hurricane,28.5,23.9,25.94,3.5,18.8,86.83,1.45,0.0
Typhoon Haiyan (PH),Hurricane,27.5,24.4,25.64,2.8,10.9,89.12,2.33,0.01
Typhoon Haiyan (PH),Hurricane,28.9,24.2,26.19,1.6,16.1,84.79,1.34,0.0
Typhoon Haiyan (PH),Hurricane,28.6,24.1,25.96,7.5,22.6,85.38,1.85,0.0
Typhoon Haiyan (PH),Hurricane,27.6,23.9,25.22,12.0,21.3,90.71,2.45,0.01
Typhoon Haiyan (PH),Hurricane,27.2,24.2,25.25,11.7,20.1,91.29,2.45,0.01
Typhoon Haiyan (PH),Hurricane,27.1,24.2,25.1,51.9,17.0,93.04,5.68,0.14
Typhoon Haiyan (PH),Hurricane,26.2,24.1,25.05,21.7,13.0,91.88,4.02,0.03
Typhoon Haiyan (PH),Hurricane,28.2,24.5,26.16,2.8,15.1,87.96,1.77,0.0
Typhoon Haiyan (PH),Hurricane,28.9,24.7,26.53,2.1,10.4,86.21,2.14,0.0
Typhoon Haiyan (PH),Hurricane,28.3,24.5,25.8,6.5,15.1,89.96,2.01,0.0
Typhoon Haiyan (PH),Hurricane,28.2,24.4,26.21,4.6,13.8,88.83,1.95,0.0
Typhoon Haiyan (PH),Hurricane,27.3,24.4,25.62,11.0,12.9,90.67,2.93,0.01
Typhoon Haiyan (PH),Hurricane,27.8,24.3,25.63,5.1,14.6,90.79,2.03,0.0
Typhoon Haiyan (PH),Hurricane,28.3,24.4,26.06,4.4,14.8,90.08,1.84,0.0
Hurricane Harvey (TX),Hurricane,31.9,25.5,28.31,1.8,19.5,83.92,1.59,0.0
Hurricane Harvey (TX),Hurricane,31.9,26.5,28.64,4.8,20.3,81.96,2.24,0.01
Hurricane Harvey (TX),Hurricane,33.9,26.7,29.58,0.1,16.7,75.46,2.2,0.0
Hurricane Harvey (TX),Hurricane,32.7,26.2,28.6,1.4,16.2,85.04,1.82,0.0
Hurricane Harvey (TX),Hurricane,32.8,25.2,28.69,4.0,15.3,82.46,2.06,0.0
Hurricane Harvey (TX),Hurricane,32.8,24.5,28.59,0.2,17.5,79.5,1.5,0.0
Hurricane Harvey (TX),Hurricane,32.0,25.3,28.58,0.8,18.1,80.08,1.55,0.0
Hurricane Harvey (TX),Hurricane,31.8,24.3,28.05,0.2,17.1,79.42,1.39,0.0
Hurricane Harvey (TX),Hurricane,29.9,24.6,27.48,1.4,12.7,81.38,1.69,0.0
Hurricane Harvey (TX),Hurricane,31.7,24.6,27.47,0.5,19.6,84.33,1.25,0.0
Hurricane Harvey (TX),Hurricane,28.2,24.0,25.5,33.9,34.3,92.54,5.47,0.12
Hurricane Harvey (TX),Hurricane,27.0,24.6,25.38,85.1,37.1,93.29,7.97,0.61
Hurricane Harvey (TX),Hurricane,26.4,24.5,25.21,143.0,35.9,93.79,8.47,0.73
Hurricane Harvey (TX),Hurricane,25.5,21.9,23.83,63.0,39.8,91.5,7.64,0.54
Hurricane Harvey (TX),Hurricane,23.2,21.0,21.86,203.9,52.1,92.12,9.44,0.87
Hurricane Harvey (TX),Hurricane,27.2,21.5,24.12,17.8,35.9,77.21,4.48,0.05
Hurricane Harvey (TX),Hurricane,30.5,22.8,26.02,0.1,20.8,69.67,1.03,0.0
Hurricane Harvey (TX),Hurricane,30.0,20.7,25.33,0.4,10.7,79.29,1.78,0.0
Hurricane Harvey (TX),Hurricane,30.0,21.1,25.74,0.9,11.2,81.46,1.74,0.0
Hurricane Harvey (TX),Hurricane,30.0,21.6,26.06,0.0,10.9,78.04,1.66,0.0
Hurricane Harvey (TX),Hurricane,30.3,22.3,26.22,0.7,15.8,83.46,1.16,0.0
Hurricane Harvey (TX),Hurricane,30.6,22.4,26.38,0.2,12.1,82.12,1.58,0.0
Hurricane Harvey (TX),Hurricane,28.0,22.5,25.01,1.6,21.9,78.62,1.26,0.0
Hurricane Harvey (TX),Hurricane,26.4,17.5,21.72,0.0,15.1,62.62,1.27,0.0
Hurricane Harvey (TX),Hurricane,27.1,17.4,21.84,0.0,15.0,63.92,1.25,0.0
Hurricane Harvey (TX),Hurricane,28.5,17.6,22.64,0.0,16.3,64.88,1.17,0.0
Hurricane Harvey (TX),Hurricane,29.2,19.0,23.6,0.0,19.0,61.25,1.15,0.0
Hurricane Harvey (TX),Hurricane,28.5,19.0,23.88,0.0,17.9,57.79,1.12,0.0
Hurricane Harvey (TX),Hurricane,29.2,15.9,22.17,0.0,13.2,64.54,1.66,0.0
Hurricane Harvey (TX),Hurricane,29.7,20.3,24.64,0.1,15.9,67.08,1.24,0.0
Hurricane Harvey (TX),Hurricane,31.6,20.4,25.7,0.0,20.9,72.71,1.15,0.0
Hurricane Harvey (TX),Hurricane,31.0,21.8,26.15,0.1,20.6,75.42,1.11,0.0
Texas Freeze 2021,Cold Snap,14.7,5.7,10.33,0.0,31.7,42.08,2.68,0.01
Texas Freeze 2021,Cold Snap,13.4,3.2,7.82,0.0,17.4,39.54,2.06,0.0
Texas Freeze 2021,Cold Snap,17.6,3.1,9.33,0.0,15.3,57.08,2.12,0.0
Texas Freeze 2021,Cold Snap,20.0,4.8,11.05,0.0,24.1,71.71,2.07,0.0
Texas Freeze 2021,Cold Snap,22.5,15.8,18.23,1.5,20.9,79.96,1.5,0.0
Texas Freeze 2021,Cold Snap,18.2,13.4,15.43,0.1,15.2,92.08,1.79,0.0
Texas Freeze 2021,Cold Snap,21.0,15.7,18.18,5.9,15.3,95.67,2.52,0.01
Texas Freeze 2021,Cold Snap,20.4,17.7,18.95,9.5,11.7,94.46,3.67,0.02
Texas Freeze 2021,Cold Snap,19.5,15.4,17.05,1.2,18.4,92.75,1.73,0.0
Texas Freeze 2021,Cold Snap,25.4,16.0,18.96,6.5,30.7,91.12,2.65,0.01
Texas Freeze 2021,Cold Snap,23.8,20.1,21.48,6.3,30.9,86.38,2.94,0.01
Texas Freeze 2021,Cold Snap,22.1,15.6,18.89,0.0,15.0,46.54,1.49,0.0
Texas Freeze 2021,Cold Snap,19.0,12.6,16.4,0.1,29.2,54.29,1.73,0.0
Texas Freeze 2021,Cold Snap,13.9,4.3,9.1,0.0,17.2,62.46,2.01,0.0
Texas Freeze 2021,Cold Snap,16.4,4.8,9.65,0.0,19.9,79.96,1.94,0.0
Texas Freeze 2021,Cold Snap,22.0,12.2,17.06,1.8,31.6,83.92,2.29,0.01
Texas Freeze 2021,Cold Snap,20.1,12.4,16.54,0.8,28.1,73.17,1.71,0.0
Texas Freeze 2021,Cold Snap,15.5,5.9,10.75,0.0,18.5,57.12,1.91,0.0
Texas Freeze 2021,Cold Snap,16.2,4.3,9.71,0.0,12.8,62.5,2.44,0.01
Texas Freeze 2021,Cold Snap,19.4,8.4,12.55,0.0,21.8,79.5,1.5,0.0
Texas Freeze 2021,Cold Snap,24.3,15.2,18.8,0.1,34.1,76.92,2.47,0.01
Texas Freeze 2021,Cold Snap,21.1,8.9,12.6,11.7,23.0,70.42,3.36,0.02
Texas Freeze 2021,Cold Snap,18.5,9.2,12.28,4.1,16.0,87.17,2.49,0.01
Texas Freeze 2021,Cold Snap,15.2,4.4,10.51,0.0,23.7,75.96,2.12,0.0
Texas Freeze 2021,Cold Snap,20.0,10.1,14.26,0.0,22.1,83.42,1.37,0.0
Texas Freeze 2021,Cold Snap,21.0,13.7,17.03,0.9,13.6,93.54,1.69,0.0
Texas Freeze 2021,Cold Snap,20.6,15.7,17.61,15.7,12.2,95.04,4.14,0.03
Texas Freeze 2021,Cold Snap,15.0,6.3,9.45,18.4,24.3,90.58,4.45,0.05
Texas Freeze 2021,Cold Snap,8.5,2.4,4.64,12.2,24.7,84.58,4.68,0.06
Texas Freeze 2021,Cold Snap,7.2,1.2,2.88,0.5,23.6,71.83,3.34,0.02
Texas Freeze 2021,Cold Snap,5.2,1.4,2.93,3.9,22.5,74.83,4.31,0.04
Texas Freeze 2021,Cold Snap,0.4,-8.4,-4.58,15.6,33.4,71.92,7.37,0.47
Texas Freeze 2021,Cold Snap,1.4,-10.9,-6.67,0.0,21.7,56.17,5.83,0.16
Texas Freeze 2021,Cold Snap,5.5,-2.1,1.0,18.2,25.8,74.29,5.9,0.17
Texas Freeze 2021,Cold Snap,3.2,-1.8,0.45,0.0,28.7,84.58,4.13,0.03
Texas Freeze 2021,Cold Snap,8.4,-4.2,0.73,0.0,21.4,68.33,3.72,0.02
Texas Freeze 2021,Cold Snap,14.6,-3.2,4.33,0.0,19.1,75.75,3.15,0.01
Texas Freeze 2021,Cold Snap,20.0,8.2,13.29,0.1,26.6,78.42,1.83,0.0
Texas Freeze 2021,Cold Snap,20.6,10.6,14.96,0.3,17.7,74.17,1.31,0.0
Texas Freeze 2021,Cold Snap,22.7,6.5,13.94,0.0,18.8,69.5,1.66,0.0
Texas Freeze 2021,Cold Snap,24.3,13.1,17.99,1.0,23.8,84.17,1.66,0.0
Texas Freeze 2021,Cold Snap,22.4,18.5,19.77,5.6,22.5,95.54,2.37,0.01
Texas Freeze 2021,Cold Snap,25.2,18.5,20.52,4.5,24.5,90.38,1.99,0.0
Texas Freeze 2021,Cold Snap,23.2,18.9,20.78,1.1,26.0,91.88,1.85,0.0
Texas Freeze 2021,Cold Snap,25.3,20.5,21.85,2.6,24.1,92.42,1.83,0.0
Texas Freeze 2021,Cold Snap,22.5,13.7,18.91,7.0,34.0,92.67,3.28,0.01
Texas Freeze 2021,Cold Snap,17.0,9.1,12.28,21.2,23.8,80.29,4.35,0.04
Texas Freeze 2021,Cold Snap,17.2,4.8,10.81,0.0,9.7,65.92,2.79,0.01
Texas Freeze 2021,Cold Snap,19.0,6.8,12.23,0.0,17.8,70.79,1.58,0.0
Texas Freeze 2021,Cold Snap,21.5,10.6,15.01,4.3,16.2,86.67,2.22,0.01
Texas Freeze 2021,Cold Snap,18.4,10.1,14.4,0.6,20.5,80.79,1.63,0.0
Texas Freeze 2021,Cold Snap,17.8,6.3,12.15,0.0,16.2,54.29,1.71,0.0
Texas Freeze 2021,Cold Snap,20.1,6.2,12.4,0.0,23.6,73.54,1.74,0.0
Texas Freeze 2021,Cold Snap,22.2,13.7,17.26,0.4,27.3,81.17,1.57,0.0
Texas Freeze 2021,Cold Snap,23.6,15.9,19.0,3.1,32.7,84.21,2.51,0.01
Texas Freeze 2021,Cold Snap,24.8,18.5,20.89,0.8,27.9,85.67,1.72,0.0
Texas Freeze 2021,Cold Snap,24.0,19.6,21.09,1.5,26.9,89.38,1.98,0.0
Texas Freeze 2021,Cold Snap,24.8,17.2,20.33,0.7,28.2,87.04,1.61,0.0
Texas Freeze 2021,Cold Snap,23.8,15.4,20.8,7.6,33.9,87.92,3.26,0.01
Texas Freeze 2021,Cold Snap,23.1,15.1,18.25,7.1,17.0,92.12,2.05,0.0
Polar Vortex 2019 (Chi),Cold Snap,-1.2,-5.3,-3.3,0.0,25.4,82.75,5.26,0.1
Polar Vortex 2019 (Chi),Cold Snap,0.5,-2.8,-0.78,0.0,23.5,80.5,4.48,0.05
Polar Vortex 2019 (Chi),Cold Snap,1.9,-2.0,-0.83,0.4,15.5,81.54,4.33,0.04
Polar Vortex 2019 (Chi),Cold Snap,0.1,-2.0,-1.15,0.4,25.5,82.92,4.55,0.05
Polar Vortex 2019 (Chi),Cold Snap,-1.2,-4.0,-2.4,10.9,42.8,83.25,7.38,0.47
Polar Vortex 2019 (Chi),Cold Snap,-4.1,-13.1,-9.47,1.3,40.3,75.83,7.82,0.58
Polar Vortex 2019 (Chi),Cold Snap,-10.5,-14.0,-12.8,0.7,26.8,76.12,7.5,0.5
Polar Vortex 2019 (Chi),Cold Snap,1.1,-13.2,-8.11,0.7,29.6,72.62,6.28,0.23
Polar Vortex 2019 (Chi),Cold Snap,1.5,-5.0,-0.39,14.2,23.6,91.79,6.41,0.25
Polar Vortex 2019 (Chi),Cold Snap,-5.5,-13.9,-9.36,0.1,27.4,82.33,7.1,0.4
Polar Vortex 2019 (Chi),Cold Snap,-7.8,-22.4,-16.78,0.6,30.2,70.08,7.98,0.62
Polar Vortex 2019 (Chi),Cold Snap,-10.4,-24.0,-16.37,0.8,18.5,69.25,8.04,0.63
Polar Vortex 2019 (Chi),Cold Snap,-10.9,-19.2,-15.74,1.3,21.2,74.25,7.96,0.61
Polar Vortex 2019 (Chi),Cold Snap,0.9,-19.0,-6.94,10.1,31.5,81.17,7.51,0.5
Polar Vortex 2019 (Chi),Cold Snap,-6.9,-18.4,-14.76,0.8,35.3,72.71,8.03,0.63
Polar Vortex 2019 (Chi),Cold Snap,-18.0,-30.8,-26.31,0.0,34.6,60.54,8.45,0.72
Polar Vortex 2019 (Chi),Cold Snap,-20.0,-32.5,-27.9,0.3,27.2,63.21,8.24,0.68
Polar Vortex 2019 (Chi),Cold Snap,-9.6,-19.2,-14.07,1.8,13.2,77.79,8.19,0.67
Polar Vortex 2019 (Chi),Cold Snap,3.6,-11.6,-4.32,0.0,25.3,85.33,5.5,0.12
Polar Vortex 2019 (Chi),Cold Snap,8.1,2.8,5.27,0.2,26.1,93.5,3.1,0.01
Polar Vortex 2019 (Chi),Cold Snap,11.8,5.7,8.22,4.9,25.7,93.92,3.17,0.01
Polar Vortex 2019 (Chi),Cold Snap,4.1,-6.0,-1.45,0.0,22.9,82.42,4.78,0.06
Polar Vortex 2019 (Chi),Cold Snap,2.7,-1.2,0.89,16.2,26.6,91.75,6.08,0.19
Polar Vortex 2019 (Chi),Cold Snap,10.4,0.5,2.81,9.6,34.0,95.25,5.1,0.08
Polar Vortex 2019 (Chi),Cold Snap,-1.1,-14.4,-10.47,0.0,45.2,46.79,7.47,0.49
Polar Vortex 2019 (Chi),Cold Snap,-5.3,-14.9,-10.84,0.0,23.1,57.25,7.22,0.43
Polar Vortex 2019 (Chi),Cold Snap,-1.6,-6.9,-4.31,2.0,22.0,63.42,6.17,0.21
Polar Vortex 2019 (Chi),Cold Snap,0.3,-2.6,-1.53,0.4,24.6,84.58,4.6,0.05
Polar Vortex 2019 (Chi),Cold Snap,1.2,-1.2,-0.15,14.7,36.1,90.38,6.72,0.32
Polar Vortex 2019 (Chi),Cold Snap,0.2,-8.8,-4.3,1.4,39.0,66.54,6.67,0.3
Polar Vortex 2019 (Chi),Cold Snap,9.9,-4.8,2.05,0.0,25.0,64.25,3.54,0.02
Polar Vortex 2019 (Chi),Cold Snap,3.8,-10.6,-3.65,0.0,31.7,64.33,5.81,0.16
Europe Heatwave 2022,Heatwave,17.2,6.7,12.33,0.0,12.0,72.42,2.2,0.0
Europe Heatwave 2022,Heatwave,18.8,7.2,13.87,0.0,16.2,71.67,1.57,0.0
Europe Heatwave 2022,Heatwave,21.9,10.1,16.31,0.2,23.4,65.12,1.46,0.0
Europe Heatwave 2022,Heatwave,19.8,11.9,14.83,2.4,30.0,70.62,2.26,0.01
Europe Heatwave 2022,Heatwave,16.5,11.4,13.81,5.3,19.5,84.83,2.74,0.01
Europe Heatwave 2022,Heatwave,16.9,11.5,14.18,0.3,18.0,81.75,1.77,0.0
Europe Heatwave 2022,Heatwave,19.8,9.7,15.5,3.5,17.3,79.92,2.22,0.01
Europe Heatwave 2022,Heatwave,20.5,12.8,16.62,29.2,26.4,73.67,4.83,0.06
Europe Heatwave 2022,Heatwave,19.5,10.4,15.39,0.4,21.2,76.17,1.44,0.0
Europe Heatwave 2022,Heatwave,22.2,13.9,17.62,0.1,28.8,70.62,1.66,0.0
Europe Heatwave 2022,Heatwave,21.5,11.4,16.51,0.5,25.0,69.12,1.63,0.0
Europe Heatwave 2022,Heatwave,20.0,10.4,15.56,0.0,22.1,67.17,1.37,0.0
Europe Heatwave 2022,Heatwave,19.2,9.5,15.26,0.0,11.6,63.96,1.92,0.0
Europe Heatwave 2022,Heatwave,22.6,9.1,16.75,0.0,10.8,66.58,1.95,0.0
Europe Heatwave 2022,Heatwave,26.0,9.6,18.65,0.0,10.8,63.67,2.33,0.01
Europe Heatwave 2022,Heatwave,27.1,11.2,20.01,0.0,16.3,59.67,1.39,0.0
Europe Heatwave 2022,Heatwave,30.1,15.1,23.4,0.2,25.7,52.29,1.85,0.0
Europe Heatwave 2022,Heatwave,24.1,13.6,18.89,10.2,28.0,74.92,3.04,0.01
Europe Heatwave 2022,Heatwave,18.2,10.4,14.48,1.0,20.6,69.38,1.84,0.0
Europe Heatwave 2022,Heatwave,20.3,10.6,15.6,0.6,21.9,66.42,1.46,0.0
Europe Heatwave 2022,Heatwave,22.8,9.1,16.51,0.0,10.8,66.62,1.93,0.0
Europe Heatwave 2022,Heatwave,25.2,10.4,18.24,0.0,17.2,63.71,1.39,0.0
Europe Heatwave 2022,Heatwave,23.5,11.2,18.17,0.5,15.1,70.54,1.44,0.0
Europe Heatwave 2022,Heatwave,21.8,13.6,17.96,2.8,29.0,72.29,2.08,0.0
Europe Heatwave 2022,Heatwave,19.1,12.5,15.92,0.4,25.9,68.0,1.67,0.0
Europe Heatwave 2022,Heatwave,20.4,11.4,15.89,0.0,28.0,61.71,1.7,0.0
Europe Heatwave 2022,Heatwave,19.1,11.0,15.32,2.0,28.8,65.42,2.16,0.0
Europe Heatwave 2022,Heatwave,20.5,10.4,15.94,0.2,27.1,65.17,1.68,0.0
Europe Heatwave 2022,Heatwave,20.5,13.0,16.23,1.5,21.7,71.79,1.61,0.0
Europe Heatwave 2022,Heatwave,18.6,11.4,15.15,1.6,17.4,73.0,1.97,0.0
Europe Heatwave 2022,Heatwave,20.2,10.1,15.42,0.7,26.0,69.38,1.73,0.0
Europe Heatwave 2022,Heatwave,21.1,11.8,16.47,0.5,27.9,68.96,1.63,0.0
Europe Heatwave 2022,Heatwave,21.2,10.4,16.2,0.0,17.7,69.5,1.24,0.0
Europe Heatwave 2022,Heatwave,21.5,9.8,16.38,0.0,19.1,65.25,1.23,0.0
Europe Heatwave 2022,Heatwave,21.8,9.9,16.56,0.0,18.9,65.33,1.23,0.0
Europe Heatwave 2022,Heatwave,23.9,11.6,18.63,0.0,21.2,64.33,1.3,0.0
Europe Heatwave 2022,Heatwave,24.0,16.1,19.7,0.0,18.9,60.21,1.11,0.0
Europe Heatwave 2022,Heatwave,26.9,12.6,20.58,0.0,13.3,62.88,1.71,0.0
Europe Heatwave 2022,Heatwave,25.6,14.6,20.29,0.0,14.9,59.75,1.38,0.0
Europe Heatwave 2022,Heatwave,27.4,13.1,21.1,0.0,15.3,58.58,1.36,0.0
Europe Heatwave 2022,Heatwave,29.7,14.9,23.29,0.0,15.8,48.88,1.42,0.0
Europe Heatwave 2022,Heatwave,30.1,18.0,24.21,0.0,20.2,52.88,1.12,0.0
Europe Heatwave 2022,Heatwave,27.0,18.0,22.88,0.4,12.5,56.04,1.59,0.0
Europe Heatwave 2022,Heatwave,24.3,14.4,19.44,0.0,20.2,55.54,1.21,0.0
Europe Heatwave 2022,Heatwave,24.9,12.6,19.32,0.0,19.0,52.75,1.23,0.0
Europe Heatwave 2022,Heatwave,27.0,12.9,20.55,0.0,13.0,55.96,1.71,0.0
Europe Heatwave 2022,Heatwave,29.4,14.9,22.7,0.0,15.1,49.12,1.51,0.0
Europe Heatwave 2022,Heatwave,35.0,19.0,27.37,0.0,14.6,36.71,2.42,0.01
Europe Heatwave 2022,Heatwave,37.9,20.8,29.07,0.9,22.5,40.29,2.95,0.01
Europe Heatwave 2022,Heatwave,25.6,18.2,21.2,1.7,24.5,73.17,1.62,0.0
Europe Heatwave 2022,Heatwave,24.0,17.0,20.4,0.8,16.6,67.04,1.41,0.0
Europe Heatwave 2022,Heatwave,21.8,16.2,18.74,2.4,19.8,68.62,1.79,0.0
Europe Heatwave 2022,Heatwave,26.1,13.8,19.5,0.0,24.0,69.33,1.58,0.0
Europe Heatwave 2022,Heatwave,26.6,16.8,20.78,4.1,27.1,67.5,2.14,0.0
Europe Heatwave 2022,Heatwave,24.0,17.3,19.9,0.0,28.1,64.58,1.61,0.0
Europe Heatwave 2022,Heatwave,20.9,14.4,17.57,0.2,13.4,65.25,1.73,0.0
Europe Heatwave 2022,Heatwave,21.0,12.2,17.47,0.1,17.3,64.67,1.36,0.0
Europe Heatwave 2022,Heatwave,21.4,14.9,18.07,1.6,18.8,61.0,1.63,0.0
Europe Heatwave 2022,Heatwave,25.8,13.1,19.9,0.0,12.2,58.25,1.72,0.0
Europe Heatwave 2022,Heatwave,25.6,15.3,20.82,0.0,17.7,63.79,1.16,0.0
Europe Heatwave 2022,Heatwave,25.5,17.8,21.25,0.6,29.1,73.33,1.73,0.0
Europe Heatwave 2022,Heatwave,25.3,17.0,20.77,0.0,16.7,66.21,1.23,0.0
Europe Heatwave 2022,Heatwave,25.4,17.5,20.97,0.2,25.6,76.88,1.5,0.0
Europe Heatwave 2022,Heatwave,27.0,17.1,21.92,0.0,24.7,74.38,1.33,0.0
Europe Heatwave 2022,Heatwave,24.2,16.8,19.95,0.0,18.2,56.38,1.23,0.0
Europe Heatwave 2022,Heatwave,21.8,13.8,17.8,0.0,18.4,46.38,1.26,0.0
Europe Heatwave 2022,Heatwave,23.1,10.5,17.45,0.0,13.2,53.58,1.67,0.0
Europe Heatwave 2022,Heatwave,26.1,12.6,19.68,0.0,11.0,57.08,1.88,0.0
Europe Heatwave 2022,Heatwave,27.9,13.6,20.8,0.0,19.2,60.71,1.39,0.0
Europe Heatwave 2022,Heatwave,27.4,14.2,20.68,0.0,19.2,64.08,1.33,0.0
Europe Heatwave 2022,Heatwave,28.6,14.3,21.52,0.0,16.6,61.83,1.42,0.0
Europe Heatwave 2022,Heatwave,31.4,15.2,23.13,0.0,18.4,55.71,1.41,0.0
Europe Heatwave 2022,Heatwave,31.8,16.5,24.21,0.0,19.4,50.46,1.37,0.0
Europe Heatwave 2022,Heatwave,32.8,17.1,25.14,0.0,17.1,47.29,1.57,0.0
Europe Heatwave 2022,Heatwave,32.0,17.5,25.19,0.0,17.5,46.46,1.43,0.0
Europe Heatwave 2022,Heatwave,28.6,17.4,23.01,0.7,19.2,55.21,1.25,0.0
Europe Heatwave 2022,Heatwave,22.6,17.2,19.71,3.6,18.2,79.62,1.98,0.0
Europe Heatwave 2022,Heatwave,23.9,15.9,19.89,1.1,20.1,76.75,1.32,0.0
Europe Heatwave 2022,Heatwave,25.1,14.8,19.94,0.6,16.4,74.25,1.35,0.0
Europe Heatwave 2022,Heatwave,23.2,15.6,19.98,0.9,20.2,66.21,1.32,0.0
Europe Heatwave 2022,Heatwave,23.4,12.9,18.22,0.0,22.5,68.67,1.3,0.0
Europe Heatwave 2022,Heatwave,23.6,13.4,18.43,0.0,13.0,69.42,1.62,0.0
Europe Heatwave 2022,Heatwave,22.0,11.9,18.1,2.7,15.9,79.75,1.82,0.0
Europe Heatwave 2022,Heatwave,25.4,18.5,21.05,0.5,19.2,80.71,1.17,0.0
Europe Heatwave 2022,Heatwave,27.1,18.5,22.19,0.6,17.9,74.12,1.16,0.0
Europe Heatwave 2022,Heatwave,20.8,14.1,18.1,17.1,15.1,87.96,3.79,0.02
Europe Heatwave 2022,Heatwave,22.8,12.2,18.12,0.0,8.3,72.79,2.23,0.01
Europe Heatwave 2022,Heatwave,23.2,12.9,17.83,0.3,16.6,75.46,1.28,0.0
Europe Heatwave 2022,Heatwave,22.3,12.9,17.51,0.0,18.7,72.5,1.16,0.0
Europe Heatwave 2022,Heatwave,21.4,13.8,17.22,0.1,20.2,69.88,1.33,0.0
Europe Heatwave 2022,Heatwave,23.1,13.9,18.28,0.0,23.3,68.04,1.43,0.0
Europe Heatwave 2022,Heatwave,23.2,13.4,17.93,0.2,24.9,63.25,1.58,0.0
Europe Heatwave 2022,Heatwave,23.9,15.2,18.99,0.7,23.6,68.88,1.33,0.0
PNW Heat Dome 2021,Heatwave,32.2,14.4,22.24,0.0,17.5,57.42,1.83,0.0
PNW Heat Dome 2021,Heatwave,32.7,17.0,24.44,0.0,9.6,62.0,2.6,0.01
PNW Heat Dome 2021,Heatwave,30.2,14.6,20.89,0.0,16.3,60.88,1.47,0.0
PNW Heat Dome 2021,Heatwave,26.8,10.9,17.53,0.0,20.0,60.46,1.61,0.0
PNW Heat Dome 2021,Heatwave,23.6,12.6,16.91,0.9,23.4,53.42,1.49,0.0
PNW Heat Dome 2021,Heatwave,17.1,8.8,12.67,1.2,22.2,61.88,1.85,0.0
PNW Heat Dome 2021,Heatwave,17.0,8.1,12.3,4.7,21.9,67.5,2.7,0.01
PNW Heat Dome 2021,Heatwave,19.3,8.7,13.92,0.2,16.0,61.79,1.59,0.0
PNW Heat Dome 2021,Heatwave,18.9,7.2,12.64,5.1,12.1,77.12,3.22,0.01
PNW Heat Dome 2021,Heatwave,18.6,7.2,13.52,0.7,15.9,64.75,1.88,0.0
PNW Heat Dome 2021,Heatwave,17.9,11.6,14.42,2.7,12.3,68.46,2.49,0.01
PNW Heat Dome 2021,Heatwave,22.0,12.5,15.8,4.6,9.2,82.79,3.12,0.01
PNW Heat Dome 2021,Heatwave,23.6,15.4,17.47,22.3,9.0,89.46,4.86,0.07
PNW Heat Dome 2021,Heatwave,20.2,13.9,15.74,8.4,11.6,91.12,3.3,0.01
PNW Heat Dome 2021,Heatwave,20.0,11.4,15.6,3.3,17.3,80.5,2.27,0.01
PNW Heat Dome 2021,Heatwave,23.6,11.1,15.83,0.3,15.5,75.5,1.41,0.0
PNW Heat Dome 2021,Heatwave,25.8,12.3,18.32,0.0,17.2,64.33,1.32,0.0
PNW Heat Dome 2021,Heatwave,26.1,11.9,18.61,0.0,16.9,59.62,1.37,0.0
PNW Heat Dome 2021,Heatwave,26.1,10.6,17.24,0.0,18.0,66.33,1.48,0.0
PNW Heat Dome 2021,Heatwave,33.0,14.5,21.35,0.0,16.7,65.29,1.98,0.0
PNW Heat Dome 2021,Heatwave,34.1,16.9,25.01,0.0,16.8,56.12,1.89,0.0
PNW Heat Dome 2021,Heatwave,34.2,17.2,23.8,0.0,15.3,55.12,2.02,0.0
PNW Heat Dome 2021,Heatwave,28.2,14.6,20.78,0.0,14.8,61.96,1.43,0.0
PNW Heat Dome 2021,Heatwave,30.9,14.0,20.96,0.0,16.6,60.46,1.55,0.0
PNW Heat Dome 2021,Heatwave,33.5,17.2,24.19,0.0,17.1,55.88,1.72,0.0
PNW Heat Dome 2021,Heatwave,40.9,20.5,28.92,0.0,15.3,51.29,3.8,0.02
PNW Heat Dome 2021,Heatwave,44.5,22.2,32.97,0.0,20.3,41.58,3.79,0.02
PNW Heat Dome 2021,Heatwave,46.0,26.2,36.0,0.0,25.1,28.79,4.46,0.05
PNW Heat Dome 2021,Heatwave,45.0,18.6,27.52,0.0,29.0,47.04,4.45,0.05
PNW Heat Dome 2021,Heatwave,33.7,17.4,24.22,0.0,14.0,54.04,1.96,0.0
PNW Heat Dome 2021,Heatwave,26.5,17.5,20.83,0.2,13.7,62.58,1.63,0.0
PNW Heat Dome 2021,Heatwave,29.7,15.1,20.55,0.0,15.3,65.71,1.41,0.0
PNW Heat Dome 2021,Heatwave,31.1,16.2,22.12,0.0,15.9,63.42,1.26,0.0
PNW Heat Dome 2021,Heatwave,30.5,14.9,22.05,0.0,15.6,57.17,1.47,0.0
PNW Heat Dome 2021,Heatwave,29.9,14.2,21.15,0.0,15.5,56.0,1.55,0.0
PNW Heat Dome 2021,Heatwave,32.8,14.2,21.86,0.0,16.1,57.79,1.92,0.0
PNW Heat Dome 2021,Heatwave,32.2,16.0,21.76,0.3,15.6,58.38,1.6,0.0
PNW Heat Dome 2021,Heatwave,27.8,13.0,18.88,0.0,16.6,63.29,1.32,0.0
PNW Heat Dome 2021,Heatwave,31.0,13.1,20.07,0.0,15.3,59.33,1.7,0.0
PNW Heat Dome 2021,Heatwave,31.0,15.8,22.95,0.0,17.1,58.08,1.31,0.0
PNW Heat Dome 2021,Heatwave,30.4,14.1,20.81,0.0,19.5,57.54,1.55,0.0
PNW Heat Dome 2021,Heatwave,30.5,14.8,21.6,0.0,20.9,58.08,1.53,0.0
PNW Heat Dome 2021,Heatwave,30.5,14.7,20.82,0.0,18.9,58.58,1.54,0.0
PNW Heat Dome 2021,Heatwave,28.9,15.1,20.75,0.0,18.3,56.83,1.3,0.0
PNW Heat Dome 2021,Heatwave,27.6,13.9,19.03,0.0,17.6,59.04,1.41,0.0
PNW Heat Dome 2021,Heatwave,25.4,13.9,18.6,0.0,16.2,60.96,1.24,0.0
PNW Heat Dome 2021,Heatwave,27.6,13.6,19.77,0.0,17.3,62.75,1.37,0.0
PNW Heat Dome 2021,Heatwave,30.0,13.6,20.45,0.0,19.5,57.04,1.53,0.0
PNW Heat Dome 2021,Heatwave,30.8,15.2,22.24,0.0,15.9,50.42,1.35,0.0
PNW Heat Dome 2021,Heatwave,29.6,16.0,21.14,0.0,18.9,58.54,1.25,0.0
PNW Heat Dome 2021,Heatwave,25.6,12.7,18.58,0.0,19.1,57.88,1.33,0.0
PNW Heat Dome 2021,Heatwave,27.2,11.4,18.12,0.0,17.3,58.79,1.47,0.0
PNW Heat Dome 2021,Heatwave,29.3,12.6,20.01,0.0,16.0,52.88,1.48,0.0
PNW Heat Dome 2021,Heatwave,32.2,15.7,22.88,0.0,21.1,58.12,1.48,0.0
PNW Heat Dome 2021,Heatwave,32.0,16.3,23.56,0.0,19.9,56.25,1.4,0.0
PNW Heat Dome 2021,Heatwave,31.9,15.1,22.43,0.0,18.8,58.33,1.52,0.0
PNW Heat Dome 2021,Heatwave,31.8,16.6,22.89,0.0,18.5,57.83,1.34,0.0
PNW Heat Dome 2021,Heatwave,33.5,16.2,23.74,0.0,14.1,50.29,1.97,0.0
PNW Heat Dome 2021,Heatwave,35.8,18.0,26.3,0.0,14.9,41.42,2.51,0.01
PNW Heat Dome 2021,Heatwave,38.7,18.9,27.67,0.0,13.9,44.75,3.48,0.02
India Heatwave 2024,Heatwave,31.3,17.6,24.45,0.0,20.8,37.21,1.19,0.0
India Heatwave 2024,Heatwave,32.9,17.0,26.18,0.0,21.4,30.62,1.52,0.0
India Heatwave 2024,Heatwave,35.8,20.5,28.15,0.0,18.8,25.92,2.04,0.0
India Heatwave 2024,Heatwave,36.4,21.8,29.39,0.0,18.0,23.96,2.17,0.0
India Heatwave 2024,Heatwave,35.6,20.6,28.01,0.0,28.2,23.58,2.49,0.01
India Heatwave 2024,Heatwave,35.0,18.5,26.96,0.0,21.3,21.29,1.84,0.0
India Heatwave 2024,Heatwave,35.4,17.5,26.88,0.0,21.1,20.79,2.1,0.0
India Heatwave 2024,Heatwave,36.8,19.0,28.32,0.0,20.0,18.92,2.36,0.01
India Heatwave 2024,Heatwave,37.8,19.9,28.91,0.0,16.6,17.79,2.92,0.01
India Heatwave 2024,Heatwave,38.5,19.8,29.28,0.0,13.4,21.62,3.57,0.02
India Heatwave 2024,Heatwave,38.0,22.1,30.08,0.0,14.2,22.0,3.12,0.01
India Heatwave 2024,Heatwave,38.8,21.8,31.0,0.0,16.0,19.33,3.15,0.01
India Heatwave 2024,Heatwave,38.5,22.8,30.4,1.2,15.9,31.75,3.2,0.01
India Heatwave 2024,Heatwave,33.8,22.2,27.32,0.5,15.1,48.0,1.87,0.0
India Heatwave 2024,Heatwave,36.3,22.6,29.09,1.3,20.9,47.21,2.32,0.01
India Heatwave 2024,Heatwave,35.7,22.9,29.7,0.0,21.6,32.12,1.81,0.0
India Heatwave 2024,Heatwave,35.3,22.2,29.5,0.0,29.3,23.88,2.44,0.01
India Heatwave 2024,Heatwave,37.8,23.6,31.27,0.0,17.3,26.83,2.6,0.01
India Heatwave 2024,Heatwave,38.3,23.0,31.22,0.0,18.9,27.83,2.55,0.01
India Heatwave 2024,Heatwave,36.7,22.3,30.16,0.0,21.1,28.04,2.09,0.0
India Heatwave 2024,Heatwave,36.6,23.6,30.39,0.0,17.7,26.71,2.15,0.0
India Heatwave 2024,Heatwave,37.0,23.0,30.66,0.0,25.5,24.92,2.32,0.01
India Heatwave 2024,Heatwave,38.0,21.1,29.76,0.0,23.2,27.62,2.66,0.01
India Heatwave 2024,Heatwave,36.8,21.0,29.82,0.0,21.9,25.5,2.38,0.01
India Heatwave 2024,Heatwave,38.2,21.5,30.75,0.0,23.7,23.54,2.63,0.01
India Heatwave 2024,Heatwave,39.2,23.4,32.48,0.0,32.9,24.33,3.76,0.02
India Heatwave 2024,Heatwave,37.8,23.3,31.21,0.0,21.3,28.25,2.45,0.01
India Heatwave 2024,Heatwave,37.5,22.7,30.62,0.0,17.0,26.17,2.37,0.01
India Heatwave 2024,Heatwave,38.0,23.6,30.88,0.0,23.7,27.0,2.47,0.01
India Heatwave 2024,Heatwave,36.2,21.1,29.2,0.0,19.0,22.54,2.08,0.0
India Heatwave 2024,Heatwave,32.7,19.8,26.5,0.0,23.6,24.46,1.47,0.0
India Heatwave 2024,Heatwave,35.0,19.3,27.92,0.0,19.5,25.71,1.88,0.0
India Heatwave 2024,Heatwave,38.0,20.7,31.25,0.0,23.9,20.46,2.73,0.01
India Heatwave 2024,Heatwave,40.5,25.5,32.76,0.0,16.4,19.12,3.45,0.02
India Heatwave 2024,Heatwave,40.9,25.0,33.64,0.0,19.2,19.88,3.33,0.02
India Heatwave 2024,Heatwave,40.6,26.0,33.67,0.0,23.6,22.25,3.19,0.01
India Heatwave 2024,Heatwave,41.4,27.5,34.08,0.0,18.1,28.42,3.84,0.03
India Heatwave 2024,Heatwave,39.7,26.8,32.75,0.0,21.1,38.58,3.16,0.01
India Heatwave 2024,Heatwave,39.6,26.2,32.45,0.0,25.3,35.58,3.11,0.01
India Heatwave 2024,Heatwave,39.5,26.0,32.05,1.1,20.9,47.0,3.31,0.01
India Heatwave 2024,Heatwave,38.8,26.0,31.93,0.1,18.5,40.29,3.05,0.01
India Heatwave 2024,Heatwave,37.8,27.5,32.28,0.1,15.9,36.46,3.58,0.02
India Heatwave 2024,Heatwave,40.3,25.0,32.58,0.0,16.4,26.08,3.33,0.02
India Heatwave 2024,Heatwave,40.7,24.5,33.11,0.0,20.5,20.83,3.1,0.01
India Heatwave 2024,Heatwave,42.2,25.4,34.24,0.0,17.8,17.75,3.55,0.02
India Heatwave 2024,Heatwave,42.7,26.5,34.98,0.0,18.0,18.5,3.96,0.03
India Heatwave 2024,Heatwave,44.0,28.0,36.24,0.0,16.3,18.96,4.52,0.05
India Heatwave 2024,Heatwave,44.0,27.0,37.12,0.0,26.6,17.96,4.12,0.03
India Heatwave 2024,Heatwave,44.8,27.7,36.8,0.0,26.4,17.21,4.42,0.04
India Heatwave 2024,Heatwave,43.6,29.1,36.34,0.0,28.3,19.21,4.87,0.07
India Heatwave 2024,Heatwave,42.6,29.1,35.18,0.0,15.8,30.54,4.86,0.07
India Heatwave 2024,Heatwave,41.1,29.8,35.4,0.3,24.4,37.12,4.4,0.04
India Heatwave 2024,Heatwave,41.0,30.5,35.7,0.0,22.9,35.79,4.34,0.04
India Heatwave 2024,Heatwave,40.8,30.4,35.62,0.0,20.6,34.71,4.34,0.04
India Heatwave 2024,Heatwave,44.3,30.2,37.45,0.0,27.4,23.58,4.99,0.08
India Heatwave 2024,Heatwave,46.0,29.5,38.5,0.0,25.9,17.0,5.27,0.1
India Heatwave 2024,Heatwave,45.7,29.5,37.77,0.0,22.1,16.96,5.14,0.09
India Heatwave 2024,Heatwave,45.8,28.9,37.32,0.0,19.2,13.33,5.14,0.09
India Heatwave 2024,Heatwave,45.7,32.9,39.22,0.0,20.2,18.29,5.83,0.16
India Heatwave 2024,Heatwave,45.8,29.5,38.82,0.0,25.2,14.0,5.27,0.1
India Heatwave 2024,Heatwave,45.8,28.5,37.41,0.0,25.5,13.25,5.21,0.09
India Heatwave 2024,Heatwave,44.0,31.3,37.32,0.0,26.4,20.42,5.14,0.09
India Heatwave 2024,Heatwave,41.4,30.0,36.18,0.0,18.2,26.17,4.54,0.05
India Heatwave 2024,Heatwave,44.4,29.5,36.87,0.0,20.2,21.08,4.8,0.06
India Heatwave 2024,Heatwave,43.1,30.1,36.96,0.0,24.1,19.33,4.78,0.06
India Heatwave 2024,Heatwave,41.7,31.5,36.81,0.0,25.4,25.29,4.69,0.06
India Heatwave 2024,Heatwave,40.8,28.1,34.52,0.0,20.0,29.92,3.7,0.02
India Heatwave 2024,Heatwave,42.2,28.9,35.19,0.0,22.4,29.33,4.22,0.04
India Heatwave 2024,Heatwave,40.2,28.3,34.63,0.0,25.6,27.5,3.82,0.02
India Heatwave 2024,Heatwave,42.2,28.3,35.07,0.0,19.8,19.46,3.95,0.03
India Heatwave 2024,Heatwave,43.0,27.9,36.29,0.0,22.2,18.54,4.0,0.03
India Heatwave 2024,Heatwave,43.2,28.9,36.05,0.0,20.0,19.33,4.54,0.05
India Heatwave 2024,Heatwave,44.1,28.8,37.24,0.0,18.2,16.83,4.75,0.06
India Heatwave 2024,Heatwave,44.8,29.6,38.14,0.0,28.1,21.42,5.0,0.08
India Heatwave 2024,Heatwave,43.3,32.8,37.3,0.0,31.5,29.12,5.63,0.13
India Heatwave 2024,Heatwave,43.3,32.2,37.75,0.0,28.3,26.29,5.28,0.1
India Heatwave 2024,Heatwave,44.0,32.8,38.6,0.0,25.1,24.46,5.3,0.1
India Heatwave 2024,Heatwave,44.0,33.7,39.02,0.0,26.8,24.67,5.24,0.09
India Heatwave 2024,Heatwave,44.2,34.5,38.96,0.0,30.9,25.92,5.81,0.16
India Heatwave 2024,Heatwave,41.3,33.0,36.64,0.8,32.1,35.58,5.39,0.11
India Heatwave 2024,Heatwave,39.2,25.5,33.52,6.7,28.2,48.62,4.01,0.03
India Heatwave 2024,Heatwave,38.2,25.4,32.41,0.3,18.7,53.92,2.82,0.01
India Heatwave 2024,Heatwave,38.5,29.9,33.8,0.0,12.3,50.79,4.82,0.06
India Heatwave 2024,Heatwave,39.5,30.1,34.66,0.3,15.5,50.54,4.65,0.05
India Heatwave 2024,Heatwave,39.5,29.9,33.83,1.7,15.1,55.79,4.89,0.07
India Heatwave 2024,Heatwave,36.6,27.6,32.75,13.5,15.3,63.75,4.97,0.07
India Heatwave 2024,Heatwave,34.3,25.5,30.49,20.9,21.7,75.42,4.23,0.04
India Heatwave 2024,Heatwave,30.4,25.4,28.15,9.9,17.0,84.5,2.01,0.0
India Heatwave 2024,Heatwave,30.5,25.6,27.8,15.4,11.0,84.88,3.58,0.02
India Heatwave 2024,Heatwave,32.9,26.5,29.58,20.5,11.7,78.75,4.7,0.06
India Heatwave 2024,Heatwave,34.8,26.0,30.28,20.4,15.6,76.83,4.56,0.05
August Complex (CA),Wildfire,29.3,11.2,19.83,0.0,13.8,39.08,1.83,0.0
August Complex (CA),Wildfire,28.1,12.2,20.51,0.0,16.0,31.54,1.38,0.0
August Complex (CA),Wildfire,27.2,11.4,18.9,0.0,14.5,35.42,1.58,0.0
August Complex (CA),Wildfire,27.7,11.5,19.35,0.0,14.1,46.62,1.65,0.0
August Complex (CA),Wildfire,25.4,11.7,18.66,0.0,13.0,50.67,1.69,0.0
August Complex (CA),Wildfire,23.1,11.3,16.92,0.0,14.5,58.92,1.38,0.0
August Complex (CA),Wildfire,26.8,11.0,17.65,0.0,12.0,51.96,2.03,0.0
August Complex (CA),Wildfire,30.1,11.6,20.3,0.0,12.6,43.54,2.02,0.0
August Complex (CA),Wildfire,32.0,13.4,22.17,0.0,13.3,34.79,2.22,0.01
August Complex (CA),Wildfire,31.0,14.3,22.88,0.3,13.9,37.5,1.99,0.0
August Complex (CA),Wildfire,29.0,14.3,22.19,0.0,15.2,36.62,1.57,0.0
August Complex (CA),Wildfire,28.6,12.6,20.38,0.0,14.4,40.17,1.62,0.0
August Complex (CA),Wildfire,30.1,11.5,20.42,0.0,13.7,28.75,1.96,0.0
August Complex (CA),Wildfire,31.0,14.5,22.65,0.0,10.5,24.42,2.26,0.01
August Complex (CA),Wildfire,32.8,15.4,24.37,0.0,12.7,33.88,2.27,0.01
August Complex (CA),Wildfire,30.5,18.3,22.65,1.2,14.6,39.21,1.66,0.0
August Complex (CA),Wildfire,28.0,16.2,21.88,0.0,10.8,49.25,1.74,0.0
August Complex (CA),Wildfire,28.9,17.7,23.68,0.0,13.7,39.88,1.53,0.0
August Complex (CA),Wildfire,28.2,16.0,22.07,0.0,14.4,17.62,1.25,0.0
August Complex (CA),Wildfire,27.2,9.1,18.68,0.0,14.2,26.75,1.95,0.0
August Complex (CA),Wildfire,26.8,12.8,19.14,0.0,15.2,47.08,1.4,0.0
August Complex (CA),Wildfire,29.6,11.8,19.81,0.0,14.6,54.21,1.75,0.0
August Complex (CA),Wildfire,30.8,12.4,21.5,0.0,12.6,39.38,1.98,0.0
August Complex (CA),Wildfire,28.7,16.4,22.32,0.4,11.2,34.0,1.92,0.0
August Complex (CA),Wildfire,27.1,14.0,20.7,0.1,11.9,38.58,1.87,0.0
August Complex (CA),Wildfire,26.5,12.6,20.03,0.0,12.6,38.29,1.67,0.0
August Complex (CA),Wildfire,28.0,11.6,19.13,0.0,12.0,46.42,1.9,0.0
August Complex (CA),Wildfire,31.4,12.5,21.08,0.0,9.2,39.67,2.56,0.01
August Complex (CA),Wildfire,30.4,12.9,22.03,0.0,13.0,34.46,1.97,0.0
August Complex (CA),Wildfire,30.1,12.7,21.05,0.0,12.1,38.83,2.04,0.0
August Complex (CA),Wildfire,29.5,13.0,21.29,0.0,12.6,33.38,1.9,0.0
August Complex (CA),Wildfire,31.1,13.4,21.64,0.0,11.2,30.04,2.15,0.0
August Complex (CA),Wildfire,30.7,13.8,21.71,0.0,9.8,34.12,2.46,0.01
August Complex (CA),Wildfire,31.3,12.5,21.44,0.0,12.6,42.62,2.05,0.0
August Complex (CA),Wildfire,30.3,13.6,22.1,0.0,13.3,22.71,1.88,0.0
August Complex (CA),Wildfire,33.5,13.3,22.49,0.0,11.2,27.83,2.72,0.01
August Complex (CA),Wildfire,34.2,16.6,25.59,0.0,11.9,25.62,2.56,0.01
August Complex (CA),Wildfire,33.6,23.0,27.72,0.0,18.0,20.04,1.54,0.0
August Complex (CA),Wildfire,30.3,14.6,22.72,0.0,13.6,16.79,1.9,0.0
August Complex (CA),Wildfire,28.4,11.4,20.07,0.0,10.7,10.96,2.07,0.0
August Complex (CA),Wildfire,26.5,10.9,18.71,0.0,9.2,23.38,2.48,0.01
August Complex (CA),Wildfire,27.2,9.0,17.87,0.0,9.2,33.33,2.82,0.01
August Complex (CA),Wildfire,28.3,8.1,18.06,0.0,10.9,42.17,2.52,0.01
August Complex (CA),Wildfire,28.4,9.0,18.92,0.0,10.3,28.58,2.57,0.01
August Complex (CA),Wildfire,27.1,10.1,18.07,0.0,10.3,32.58,2.31,0.01
August Complex (CA),Wildfire,27.2,7.3,17.38,0.0,9.2,25.29,2.93,0.01
August Complex (CA),Wildfire,25.7,9.1,17.3,0.0,10.4,25.54,2.38,0.01
August Complex (CA),Wildfire,23.6,9.2,16.07,0.0,13.5,50.75,1.74,0.0
August Complex (CA),Wildfire,19.6,7.3,12.05,0.0,13.8,69.96,1.8,0.0
August Complex (CA),Wildfire,21.9,6.1,12.47,0.0,10.8,71.0,2.26,0.01
August Complex (CA),Wildfire,25.5,7.7,16.07,0.0,10.2,41.71,2.49,0.01
August Complex (CA),Wildfire,24.5,7.9,16.32,0.0,15.1,37.12,1.71,0.0
August Complex (CA),Wildfire,21.8,8.2,15.33,0.0,15.1,48.88,1.61,0.0
August Complex (CA),Wildfire,22.2,8.9,14.59,0.0,15.2,40.75,1.49,0.0
August Complex (CA),Wildfire,19.0,7.7,12.94,0.0,12.3,63.12,1.92,0.0
August Complex (CA),Wildfire,21.4,7.6,13.18,0.0,15.3,56.79,1.65,0.0
August Complex (CA),Wildfire,21.2,8.1,13.71,0.0,13.9,67.29,1.7,0.0
August Complex (CA),Wildfire,26.4,8.7,16.12,0.0,16.4,44.83,1.78,0.0
August Complex (CA),Wildfire,28.5,15.0,20.64,0.0,14.0,18.0,1.46,0.0
August Complex (CA),Wildfire,28.7,11.0,19.74,0.0,7.9,20.92,2.81,0.01
August Complex (CA),Wildfire,28.3,11.0,19.66,0.0,9.1,33.83,2.51,0.01
August Complex (CA),Wildfire,29.7,14.5,22.29,0.0,8.1,22.96,2.61,0.01
August Complex (CA),Wildfire,28.9,13.1,20.57,0.0,10.9,30.0,2.06,0.0
August Complex (CA),Wildfire,26.6,14.8,20.76,0.0,15.1,22.08,1.34,0.0
August Complex (CA),Wildfire,26.6,9.7,19.21,0.0,12.4,19.21,2.07,0.0
August Complex (CA),Wildfire,27.3,7.5,17.25,0.0,6.9,27.25,3.42,0.02
August Complex (CA),Wildfire,26.4,8.2,17.35,0.0,11.5,27.42,2.43,0.01
August Complex (CA),Wildfire,25.4,6.4,15.84,0.0,11.2,29.0,2.43,0.01
August Complex (CA),Wildfire,21.6,8.6,14.68,0.0,10.2,21.83,2.1,0.0
August Complex (CA),Wildfire,20.3,4.1,12.09,0.0,11.4,44.29,2.49,0.01
August Complex (CA),Wildfire,17.6,7.8,10.49,3.3,14.6,73.5,2.68,0.01
August Complex (CA),Wildfire,18.7,3.1,8.6,1.0,11.2,76.92,3.09,0.01
August Complex (CA),Wildfire,21.3,5.0,13.2,0.0,12.6,42.04,2.18,0.0
August Complex (CA),Wildfire,21.7,8.4,14.59,0.0,13.5,49.79,1.78,0.0
August Complex (CA),Wildfire,24.7,8.1,14.85,0.0,12.2,56.38,2.02,0.0
August Complex (CA),Wildfire,25.4,9.5,17.05,0.0,14.1,30.92,1.81,0.0
August Complex (CA),Wildfire,25.7,10.2,17.8,0.0,12.0,23.08,2.04,0.0
August Complex (CA),Wildfire,26.8,10.0,17.35,0.0,12.0,31.0,2.16,0.0
August Complex (CA),Wildfire,24.5,10.2,17.65,0.0,8.4,33.38,2.32,0.01
August Complex (CA),Wildfire,24.6,7.7,15.52,0.0,6.6,39.38,3.01,0.01
August Complex (CA),Wildfire,24.4,7.6,15.7,0.0,9.4,34.04,2.48,0.01
August Complex (CA),Wildfire,22.5,7.4,14.75,0.0,8.7,43.33,2.64,0.01
August Complex (CA),Wildfire,20.8,7.6,13.36,0.0,8.0,40.96,2.65,0.01
August Complex (CA),Wildfire,19.2,5.4,12.2,0.0,9.7,20.21,2.63,0.01
August Complex (CA),Wildfire,17.4,3.7,10.54,0.0,10.5,35.33,2.7,0.01
August Complex (CA),Wildfire,14.5,2.0,7.83,0.0,11.8,61.79,2.74,0.01
August Complex (CA),Wildfire,15.6,0.3,5.8,0.0,14.1,11.79,2.78,0.01
August Complex (CA),Wildfire,22.6,5.2,11.41,0.0,11.2,22.08,2.35,0.01
August Complex (CA),Wildfire,22.6,5.6,13.67,0.0,7.0,23.83,3.17,0.01
August Complex (CA),Wildfire,22.7,4.5,13.43,0.0,8.1,25.46,3.15,0.01
August Complex (CA),Wildfire,20.6,6.2,13.0,0.0,10.8,31.75,2.26,0.01
August Complex (CA),Wildfire,21.0,5.3,13.54,0.0,9.8,26.12,2.61,0.01
August Complex (CA),Wildfire,22.9,5.6,13.37,0.0,6.6,33.38,3.15,0.01
Canada Wildfires 2023,Wildfire,22.1,5.9,13.97,0.0,15.4,45.71,1.73,0.0
Canada Wildfires 2023,Wildfire,21.1,8.1,13.55,2.4,17.8,52.33,2.06,0.0
Canada Wildfires 2023,Wildfire,22.6,8.8,14.74,0.0,15.1,53.12,1.59,0.0
Canada Wildfires 2023,Wildfire,23.5,9.8,16.54,0.0,15.2,45.67,1.36,0.0
Canada Wildfires 2023,Wildfire,24.2,9.4,15.51,0.0,29.0,39.0,1.78,0.0
Canada Wildfires 2023,Wildfire,20.0,4.7,10.62,1.4,29.4,47.83,2.37,0.01
Canada Wildfires 2023,Wildfire,13.6,3.0,6.72,3.4,28.5,72.54,3.24,0.01
Canada Wildfires 2023,Wildfire,11.9,3.2,7.42,0.1,12.2,74.33,2.76,0.01
Canada Wildfires 2023,Wildfire,14.6,3.7,8.95,0.9,12.2,65.83,2.95,0.01
Canada Wildfires 2023,Wildfire,14.0,5.0,9.17,8.2,11.7,74.0,4.39,0.04
Canada Wildfires 2023,Wildfire,15.9,4.1,9.47,2.6,11.0,79.75,3.32,0.02
Canada Wildfires 2023,Wildfire,20.1,5.2,11.72,0.1,9.5,67.46,2.9,0.01
Canada Wildfires 2023,Wildfire,23.4,6.6,15.27,0.0,14.8,44.67,1.86,0.0
Canada Wildfires 2023,Wildfire,23.9,8.1,16.97,0.0,13.0,45.25,1.89,0.0
Canada Wildfires 2023,Wildfire,24.0,7.5,16.32,0.0,14.1,51.67,1.79,0.0
Canada Wildfires 2023,Wildfire,24.5,9.2,15.83,0.0,28.0,48.17,1.7,0.0
Canada Wildfires 2023,Wildfire,17.9,5.0,11.77,0.0,14.4,46.79,1.98,0.0
Canada Wildfires 2023,Wildfire,17.8,4.2,11.22,0.0,17.5,52.17,1.97,0.0
Canada Wildfires 2023,Wildfire,22.8,9.9,15.87,0.5,19.6,47.33,1.28,0.0
Canada Wildfires 2023,Wildfire,23.6,11.8,18.0,1.6,13.8,52.62,1.87,0.0
Canada Wildfires 2023,Wildfire,24.8,9.5,16.66,3.7,16.1,67.54,2.36,0.01
Canada Wildfires 2023,Wildfire,16.5,9.9,12.55,22.0,18.2,91.12,4.55,0.05
Canada Wildfires 2023,Wildfire,11.2,7.8,9.31,32.6,21.1,94.29,6.12,0.2
Canada Wildfires 2023,Wildfire,11.9,2.8,6.3,0.4,19.0,76.83,2.06,0.0
Canada Wildfires 2023,Wildfire,16.0,7.0,10.79,0.5,15.0,69.42,2.03,0.0
Canada Wildfires 2023,Wildfire,18.8,6.1,12.39,0.6,12.6,61.29,2.27,0.01
Canada Wildfires 2023,Wildfire,20.0,8.5,14.1,0.6,14.3,55.79,1.83,0.0
Canada Wildfires 2023,Wildfire,19.8,10.9,15.74,5.0,16.1,55.42,2.5,0.01
Canada Wildfires 2023,Wildfire,19.5,9.4,13.75,0.8,19.6,56.04,1.57,0.0
Canada Wildfires 2023,Wildfire,18.6,7.8,11.99,13.7,15.1,70.92,4.17,0.03
Canada Wildfires 2023,Wildfire,13.9,7.4,10.17,2.4,12.8,80.08,2.92,0.01
Canada Wildfires 2023,Wildfire,15.0,5.8,10.28,1.3,17.4,69.38,2.14,0.0
Canada Wildfires 2023,Wildfire,18.1,6.8,11.0,0.3,16.4,68.67,1.86,0.0
Canada Wildfires 2023,Wildfire,21.0,9.1,14.65,0.0,19.6,62.46,1.28,0.0
Canada Wildfires 2023,Wildfire,23.9,9.7,16.43,0.2,18.4,65.54,1.42,0.0
Canada Wildfires 2023,Wildfire,21.5,5.8,10.5,4.4,26.2,62.92,2.79,0.01
Canada Wildfires 2023,Wildfire,19.0,4.3,10.35,0.1,24.3,50.58,2.13,0.0
Canada Wildfires 2023,Wildfire,23.8,10.1,16.28,0.0,13.2,43.33,1.71,0.0
Canada Wildfires 2023,Wildfire,24.6,10.6,17.16,0.0,18.9,44.17,1.3,0.0
Canada Wildfires 2023,Wildfire,26.4,12.8,18.84,0.0,25.2,52.83,1.64,0.0
Canada Wildfires 2023,Wildfire,26.7,13.9,19.8,1.2,25.8,51.08,1.85,0.0
Canada Wildfires 2023,Wildfire,22.5,12.7,17.41,0.0,20.7,72.12,1.15,0.0
Canada Wildfires 2023,Wildfire,24.2,11.2,17.85,0.0,11.9,56.75,1.66,0.0
Canada Wildfires 2023,Wildfire,24.2,13.3,17.95,2.6,15.5,63.58,1.69,0.0
Canada Wildfires 2023,Wildfire,15.1,7.3,9.04,23.6,28.7,97.96,5.0,0.08
Canada Wildfires 2023,Wildfire,15.9,6.3,9.24,3.9,27.0,83.46,2.8,0.01
Canada Wildfires 2023,Wildfire,15.7,7.0,11.43,4.9,15.0,68.46,2.98,0.01
Canada Wildfires 2023,Wildfire,14.9,8.0,11.21,4.2,16.6,61.29,2.71,0.01
Canada Wildfires 2023,Wildfire,14.4,2.5,6.68,29.8,22.5,82.25,5.94,0.17
Canada Wildfires 2023,Wildfire,6.8,4.9,5.93,86.3,30.3,99.75,8.41,0.71
Canada Wildfires 2023,Wildfire,12.9,4.6,7.05,14.9,26.6,82.04,4.45,0.05
Canada Wildfires 2023,Wildfire,15.4,5.1,10.03,0.5,18.0,57.17,1.87,0.0
Canada Wildfires 2023,Wildfire,18.9,7.1,12.39,0.9,13.7,57.88,2.14,0.0
Canada Wildfires 2023,Wildfire,16.9,9.3,13.18,6.2,14.8,77.33,3.13,0.01
Canada Wildfires 2023,Wildfire,23.0,9.1,15.44,1.3,14.2,68.88,1.88,0.0
Canada Wildfires 2023,Wildfire,19.1,10.4,14.43,2.5,17.4,78.54,2.03,0.0
Canada Wildfires 2023,Wildfire,23.5,11.1,16.52,0.0,12.9,67.29,1.7,0.0
Canada Wildfires 2023,Wildfire,23.5,12.6,17.67,2.2,14.4,61.62,1.75,0.0
Canada Wildfires 2023,Wildfire,23.4,13.6,18.97,0.3,13.2,59.67,1.68,0.0
Canada Wildfires 2023,Wildfire,24.1,14.4,18.81,0.6,18.4,61.75,1.25,0.0
Canada Wildfires 2023,Wildfire,21.0,12.6,16.33,8.7,12.0,74.33,3.17,0.01
Canada Wildfires 2023,Wildfire,19.0,10.0,13.18,14.8,14.3,84.67,3.92,0.03
Canada Wildfires 2023,Wildfire,13.6,5.7,8.67,3.3,31.2,71.58,3.16,0.01
Canada Wildfires 2023,Wildfire,12.8,7.8,9.75,6.2,22.6,74.92,3.23,0.01
Canada Wildfires 2023,Wildfire,17.2,7.2,11.27,0.9,15.6,79.75,2.04,0.0
Canada Wildfires 2023,Wildfire,21.6,9.1,15.14,0.0,13.0,58.58,1.71,0.0
Canada Wildfires 2023,Wildfire,21.2,10.5,15.52,6.6,10.1,72.42,3.29,0.01
Canada Wildfires 2023,Wildfire,21.0,10.9,15.84,0.2,10.8,68.21,2.04,0.0
Canada Wildfires 2023,Wildfire,24.6,11.6,18.02,0.1,11.0,64.0,1.88,0.0
Canada Wildfires 2023,Wildfire,26.1,14.6,20.67,0.6,9.5,58.46,2.38,0.01
Canada Wildfires 2023,Wildfire,24.0,15.9,19.56,6.9,14.0,66.62,2.3,0.01
Canada Wildfires 2023,Wildfire,20.2,13.1,15.6,7.1,13.7,87.96,2.86,0.01
Canada Wildfires 2023,Wildfire,22.0,12.6,16.45,2.4,15.9,74.29,1.75,0.0
Canada Wildfires 2023,Wildfire,21.6,12.4,16.14,1.4,18.9,73.17,1.43,0.0
Canada Wildfires 2023,Wildfire,20.2,11.7,15.77,1.0,15.5,80.08,1.68,0.0
Canada Wildfires 2023,Wildfire,21.8,12.1,16.32,3.5,12.6,79.21,2.46,0.01
Canada Wildfires 2023,Wildfire,20.6,11.4,16.2,4.1,12.2,78.38,2.8,0.01
Canada Wildfires 2023,Wildfire,19.1,11.4,15.08,8.4,13.8,85.79,3.17,0.01
Canada Wildfires 2023,Wildfire,18.5,11.1,13.91,0.1,24.2,65.0,1.86,0.0
Canada Wildfires 2023,Wildfire,20.0,9.9,14.82,0.0,21.1,62.08,1.35,0.0
Canada Wildfires 2023,Wildfire,23.1,12.0,18.42,0.1,10.1,53.08,2.04,0.0
Canada Wildfires 2023,Wildfire,23.1,12.1,17.72,1.3,12.6,70.0,1.87,0.0
Canada Wildfires 2023,Wildfire,24.0,12.8,18.09,0.6,13.1,79.54,1.65,0.0
Canada Wildfires 2023,Wildfire,22.1,12.5,16.23,14.5,16.1,83.5,3.33,0.02
Canada Wildfires 2023,Wildfire,22.0,12.2,16.15,13.5,16.4,87.25,3.45,0.02
Canada Wildfires 2023,Wildfire,18.0,9.7,13.34,31.5,25.6,85.5,5.46,0.11
Canada Wildfires 2023,Wildfire,15.5,7.3,9.6,21.3,27.5,91.21,4.79,0.06
Canada Wildfires 2023,Wildfire,12.6,8.8,10.2,11.1,23.7,92.17,3.93,0.03
Canada Wildfires 2023,Wildfire,14.1,6.5,9.39,2.2,15.4,86.83,2.48,0.01
Canada Wildfires 2023,Wildfire,17.1,5.2,10.75,0.4,15.3,83.04,1.96,0.0
Canada Wildfires 2023,Wildfire,21.5,8.7,14.65,1.4,15.1,82.29,1.88,0.0
Canada Wildfires 2023,Wildfire,18.7,11.4,15.16,3.1,11.5,77.75,2.75,0.01
Canada Wildfires 2023,Wildfire,20.0,11.2,14.95,0.6,11.6,63.79,2.07,0.0
Canada Wildfires 2023,Wildfire,20.0,10.1,14.3,4.2,14.1,76.54,2.67,0.01
Canada Wildfires 2023,Wildfire,19.6,9.1,13.44,4.8,17.7,78.38,2.43,0.01
Canada Wildfires 2023,Wildfire,20.0,7.9,14.22,0.2,15.1,64.88,1.78,0.0
Canada Wildfires 2023,Wildfire,21.3,9.2,15.43,0.0,12.0,65.88,1.75,0.0
Canada Wildfires 2023,Wildfire,21.1,9.6,15.38,0.0,12.3,68.17,1.68,0.0
Canada Wildfires 2023,Wildfire,21.9,12.6,17.29,0.9,8.4,64.96,2.48,0.01
Canada Wildfires 2023,Wildfire,18.5,12.0,14.3,2.9,11.3,90.96,2.64,0.01
Canada Wildfires 2023,Wildfire,14.2,10.7,12.62,14.5,15.9,97.92,4.29,0.04
Canada Wildfires 2023,Wildfire,17.7,10.2,13.02,0.7,27.7,67.5,1.95,0.0
Canada Wildfires 2023,Wildfire,18.0,10.1,13.87,0.0,27.4,55.75,1.84,0.0
Canada Wildfires 2023,Wildfire,18.6,10.5,13.91,0.1,22.3,62.75,1.56,0.0
Canada Wildfires 2023,Wildfire,25.5,12.1,17.28,0.0,17.6,54.75,1.33,0.0
Canada Wildfires 2023,Wildfire,26.0,15.3,19.51,0.2,23.5,50.88,1.39,0.0
Canada Wildfires 2023,Wildfire,22.8,13.9,18.05,0.5,19.4,62.67,1.16,0.0
Canada Wildfires 2023,Wildfire,22.9,10.9,16.71,0.1,24.5,59.0,1.69,0.0
Canada Wildfires 2023,Wildfire,25.1,14.4,19.51,2.5,18.5,59.42,1.76,0.0
Canada Wildfires 2023,Wildfire,19.4,7.2,10.98,33.9,19.9,92.92,5.78,0.15
Canada Wildfires 2023,Wildfire,13.4,4.3,7.3,1.6,20.9,83.42,2.31,0.01
Canada Wildfires 2023,Wildfire,16.5,4.3,10.58,0.0,16.2,69.62,1.96,0.0
Canada Wildfires 2023,Wildfire,15.9,5.9,11.0,0.6,22.9,78.71,2.03,0.0
Canada Wildfires 2023,Wildfire,15.3,10.9,12.39,4.1,20.9,95.58,2.77,0.01
Canada Wildfires 2023,Wildfire,15.8,11.4,12.72,22.8,14.5,93.83,5.01,0.08
Canada Wildfires 2023,Wildfire,15.4,8.2,10.94,14.7,23.7,88.92,3.96,0.03
Canada Wildfires 2023,Wildfire,18.5,6.8,12.0,0.2,9.7,83.54,2.71,0.01
Canada Wildfires 2023,Wildfire,22.5,10.0,15.58,0.0,13.7,68.67,1.54,0.0
Canada Wildfires 2023,Wildfire,23.7,12.2,17.76,0.0,10.4,57.75,1.83,0.0
Canada Wildfires 2023,Wildfire,25.9,13.3,19.45,0.0,9.7,56.54,2.15,0.0
Canada Wildfires 2023,Wildfire,25.6,14.5,19.18,0.0,9.8,65.08,2.18,0.0
Canada Wildfires 2023,Wildfire,24.0,14.6,18.57,0.0,16.8,70.33,1.19,0.0
Chennai Floods 2023,Flood,30.4,25.1,27.05,15.4,21.8,83.46,2.87,0.01
Chennai Floods 2023,Flood,29.2,24.2,26.48,9.9,15.8,86.42,1.89,0.0
Chennai Floods 2023,Flood,29.0,24.2,26.38,14.2,16.5,86.79,2.38,0.01
Chennai Floods 2023,Flood,27.6,24.4,25.67,33.9,14.5,89.5,4.94,0.07
Chennai Floods 2023,Flood,28.8,23.9,25.52,24.4,11.1,91.21,4.16,0.03
Chennai Floods 2023,Flood,29.0,23.8,26.15,15.0,15.5,88.88,2.52,0.01
Chennai Floods 2023,Flood,28.9,24.1,26.22,14.5,16.6,87.88,2.55,0.01
Chennai Floods 2023,Flood,28.8,23.5,25.85,12.8,17.2,89.04,2.22,0.01
Chennai Floods 2023,Flood,28.5,23.5,25.69,11.1,15.7,88.88,2.17,0.0
Chennai Floods 2023,Flood,30.0,23.3,27.72,0.5,18.8,76.04,1.08,0.0
Chennai Floods 2023,Flood,30.0,25.3,27.73,0.0,21.9,69.67,1.16,0.0
Chennai Floods 2023,Flood,29.9,25.3,27.82,0.0,21.7,68.71,1.18,0.0
Chennai Floods 2023,Flood,29.9,24.7,26.99,16.2,23.7,78.25,2.99,0.01
Chennai Floods 2023,Flood,27.7,22.5,25.41,44.9,24.3,86.83,5.22,0.09
Chennai Floods 2023,Flood,25.0,23.3,24.02,30.4,22.6,90.96,4.26,0.04
Chennai Floods 2023,Flood,29.4,23.2,26.88,0.5,19.3,82.46,1.05,0.0
Chennai Floods 2023,Flood,29.5,24.3,27.46,2.7,21.2,81.42,1.45,0.0
Chennai Floods 2023,Flood,29.7,25.4,27.53,0.6,21.0,80.83,1.28,0.0
Chennai Floods 2023,Flood,29.7,25.2,27.2,0.2,19.7,78.12,1.31,0.0
Chennai Floods 2023,Flood,27.1,24.5,25.43,17.4,21.2,91.96,3.15,0.01
Chennai Floods 2023,Flood,27.5,23.9,25.38,27.1,14.8,92.04,3.98,0.03
Chennai Floods 2023,Flood,28.2,23.8,26.25,2.1,11.6,87.38,1.81,0.0
Chennai Floods 2023,Flood,26.5,24.6,25.78,11.4,12.1,87.46,3.11,0.01
Chennai Floods 2023,Flood,28.0,23.9,25.49,27.7,16.2,89.67,3.87,0.03
Chennai Floods 2023,Flood,28.5,23.9,26.81,3.9,19.4,82.79,1.46,0.0
Chennai Floods 2023,Flood,29.0,23.4,26.13,16.5,22.7,85.71,2.91,0.01
Chennai Floods 2023,Flood,29.6,23.2,26.69,3.8,16.9,83.75,1.42,0.0
Chennai Floods 2023,Flood,28.9,23.1,25.61,10.3,19.2,87.21,2.0,0.0
Chennai Floods 2023,Flood,27.5,23.7,25.13,8.6,19.2,89.5,1.85,0.0
Chennai Floods 2023,Flood,26.6,23.4,25.12,13.1,15.0,89.88,2.73,0.01
Chennai Floods 2023,Flood,29.4,23.5,26.78,4.3,24.2,80.96,1.59,0.0
Chennai Floods 2023,Flood,27.1,24.2,25.3,33.2,27.5,89.04,4.97,0.07
Chennai Floods 2023,Flood,26.0,24.0,24.83,59.6,38.3,91.46,7.25,0.44
Chennai Floods 2023,Flood,25.1,23.5,24.28,254.9,50.1,88.83,9.41,0.87
Chennai Floods 2023,Flood,31.0,24.0,26.64,0.1,21.3,81.33,1.13,0.0
Chennai Floods 2023,Flood,30.0,23.1,25.97,18.0,12.3,89.96,3.54,0.02
Chennai Floods 2023,Flood,28.9,23.5,25.43,5.2,13.4,90.67,1.87,0.0
Chennai Floods 2023,Flood,28.7,23.9,26.42,1.1,14.4,84.54,1.41,0.0
Chennai Floods 2023,Flood,29.5,24.2,26.85,0.2,17.3,81.62,1.17,0.0
Chennai Floods 2023,Flood,29.0,24.5,26.77,0.0,18.9,77.33,1.11,0.0
Chennai Floods 2023,Flood,28.2,25.0,26.3,0.6,17.1,75.54,1.3,0.0
Chennai Floods 2023,Flood,28.1,22.4,25.05,1.4,18.2,77.21,1.18,0.0
Chennai Floods 2023,Flood,27.5,22.8,25.59,0.4,20.0,70.92,1.1,0.0
Chennai Floods 2023,Flood,29.0,24.0,26.41,0.7,22.2,70.0,1.16,0.0
Chennai Floods 2023,Flood,26.4,24.3,25.4,7.0,23.4,85.96,2.1,0.0
Chennai Floods 2023,Flood,28.3,24.3,26.22,3.6,22.6,81.17,1.67,0.0
Chennai Floods 2023,Flood,28.0,25.0,26.36,1.5,23.9,80.21,1.55,0.0
Chennai Floods 2023,Flood,27.5,24.0,25.77,0.3,24.8,74.33,1.48,0.0
Chennai Floods 2023,Flood,27.8,23.8,26.25,0.0,23.0,68.5,1.19,0.0
Chennai Floods 2023,Flood,28.0,24.2,26.07,0.0,21.7,73.08,1.14,0.0
Chennai Floods 2023,Flood,28.1,23.1,25.6,0.0,20.2,75.58,1.01,0.0
Chennai Floods 2023,Flood,27.8,21.2,24.54,0.0,17.9,76.71,1.1,0.0
Chennai Floods 2023,Flood,27.7,20.9,24.47,0.0,14.8,74.96,1.2,0.0
Chennai Floods 2023,Flood,28.4,21.6,25.79,1.9,24.7,78.62,1.58,0.0
Chennai Floods 2023,Flood,28.0,22.2,25.22,1.9,23.4,85.12,1.43,0.0
Chennai Floods 2023,Flood,27.9,21.2,25.25,0.2,23.1,78.08,1.31,0.0
Chennai Floods 2023,Flood,28.1,23.4,26.03,0.6,22.9,74.12,1.21,0.0
Chennai Floods 2023,Flood,28.4,24.2,25.96,2.0,22.7,79.88,1.4,0.0
Chennai Floods 2023,Flood,28.4,24.0,25.8,2.2,23.9,81.25,1.43,0.0
Chennai Floods 2023,Flood,28.3,23.3,25.54,0.3,18.8,76.46,1.14,0.0
Chennai Floods 2023,Flood,28.1,23.2,25.48,0.2,17.6,74.04,1.15,0.0
Dubai Floods 2024,Flood,22.0,14.1,18.76,0.0,32.7,49.75,2.11,0.0
Dubai Floods 2024,Flood,23.6,13.2,18.46,0.0,24.2,44.92,1.51,0.0
Dubai Floods 2024,Flood,24.0,12.3,18.44,0.0,23.0,51.08,1.39,0.0
Dubai Floods 2024,Flood,28.0,15.2,21.85,1.9,27.9,58.33,1.96,0.0
Dubai Floods 2024,Flood,24.1,17.6,20.93,3.6,29.0,82.0,2.31,0.01
Dubai Floods 2024,Flood,22.6,15.3,19.71,0.0,19.2,75.75,1.18,0.0
Dubai Floods 2024,Flood,23.0,15.7,19.64,0.0,12.6,78.04,1.68,0.0
Dubai Floods 2024,Flood,29.5,17.8,23.38,0.0,23.2,71.96,1.29,0.0
Dubai Floods 2024,Flood,24.2,17.9,20.39,37.2,27.1,85.79,5.37,0.11
Dubai Floods 2024,Flood,23.0,14.9,19.51,0.0,14.4,86.0,1.37,0.0
Dubai Floods 2024,Flood,26.8,14.1,19.9,0.0,20.5,80.29,1.33,0.0
Dubai Floods 2024,Flood,24.0,16.2,21.0,0.0,31.2,73.46,2.0,0.0
Dubai Floods 2024,Flood,26.0,15.6,20.35,0.0,16.9,83.08,1.17,0.0
Dubai Floods 2024,Flood,28.8,16.3,22.0,0.0,14.7,78.29,1.3,0.0
Dubai Floods 2024,Flood,26.9,17.4,21.49,0.0,24.3,78.17,1.27,0.0
Dubai Floods 2024,Flood,28.5,17.5,23.12,0.0,15.6,73.96,1.22,0.0
Dubai Floods 2024,Flood,29.1,19.4,24.41,0.0,15.6,72.29,1.22,0.0
Dubai Floods 2024,Flood,27.9,18.6,23.0,0.0,22.4,79.0,1.14,0.0
Dubai Floods 2024,Flood,30.4,19.5,25.18,0.0,16.9,70.83,1.14,0.0
Dubai Floods 2024,Flood,32.2,22.5,26.23,0.0,30.7,65.38,2.05,0.0
Dubai Floods 2024,Flood,26.4,17.6,22.9,0.0,20.9,80.42,1.1,0.0
Dubai Floods 2024,Flood,25.8,17.4,22.46,0.0,20.3,79.38,1.13,0.0
Dubai Floods 2024,Flood,31.9,21.4,25.97,1.0,17.4,67.71,1.46,0.0
Dubai Floods 2024,Flood,33.3,22.4,27.5,0.3,25.5,56.12,1.79,0.0
Dubai Floods 2024,Flood,32.2,23.0,27.57,0.0,35.3,57.75,3.06,0.01
Dubai Floods 2024,Flood,25.4,20.6,22.94,0.0,33.8,67.88,2.49,0.01
Dubai Floods 2024,Flood,24.5,20.4,21.91,0.0,33.8,64.88,2.53,0.01
Dubai Floods 2024,Flood,26.0,18.6,22.88,0.0,36.0,64.58,2.92,0.01
Dubai Floods 2024,Flood,26.0,18.2,22.92,0.0,29.9,66.96,1.81,0.0
Dubai Floods 2024,Flood,26.4,17.7,22.78,0.1,26.7,76.96,1.43,0.0
Dubai Floods 2024,Flood,27.5,18.6,23.0,0.0,22.0,78.17,1.11,0.0
Dubai Floods 2024,Flood,26.4,18.4,22.52,0.0,24.1,69.5,1.3,0.0
Dubai Floods 2024,Flood,27.4,19.3,23.34,0.0,22.7,61.33,1.19,0.0
Dubai Floods 2024,Flood,28.9,18.7,23.84,0.0,21.7,52.79,1.19,0.0
Dubai Floods 2024,Flood,28.9,18.7,23.71,0.0,24.1,56.04,1.39,0.0
Dubai Floods 2024,Flood,28.0,18.2,23.03,0.0,20.4,63.79,1.07,0.0
Dubai Floods 2024,Flood,28.1,18.0,23.16,0.0,20.1,61.21,1.05,0.0
Dubai Floods 2024,Flood,28.6,17.5,23.55,0.0,21.6,62.21,1.21,0.0
Dubai Floods 2024,Flood,31.1,19.7,26.1,0.0,19.8,54.33,1.1,0.0
Dubai Floods 2024,Flood,29.8,24.1,26.91,0.0,16.5,57.08,1.06,0.0
Dubai Floods 2024,Flood,30.7,24.0,27.18,0.0,19.8,59.12,1.07,0.0
Dubai Floods 2024,Flood,31.4,23.4,27.13,0.0,24.9,63.33,1.39,0.0
Dubai Floods 2024,Flood,29.5,24.2,26.78,0.0,20.6,64.08,1.05,0.0
Dubai Floods 2024,Flood,30.5,23.2,26.1,4.4,28.1,56.21,2.12,0.0
Dubai Floods 2024,Flood,28.4,19.8,24.82,0.0,24.9,58.62,1.48,0.0
Dubai Floods 2024,Flood,31.9,19.5,26.42,13.0,33.7,55.62,3.88,0.03
Dubai Floods 2024,Flood,27.4,21.2,23.34,100.3,34.5,83.33,7.84,0.59
Dubai Floods 2024,Flood,25.2,20.8,23.21,0.9,31.6,79.08,2.32,0.01
Dubai Floods 2024,Flood,27.0,18.5,23.02,0.0,18.4,77.42,1.07,0.0
Dubai Floods 2024,Flood,27.9,18.0,22.94,0.0,15.0,77.21,1.2,0.0
Dubai Floods 2024,Flood,27.2,17.7,22.9,0.0,16.9,81.08,1.1,0.0
Dubai Floods 2024,Flood,28.1,18.5,23.52,0.0,16.5,84.5,1.06,0.0
Dubai Floods 2024,Flood,31.3,19.3,25.76,0.0,18.0,68.71,1.23,0.0
Dubai Floods 2024,Flood,34.7,22.1,27.73,0.0,25.7,66.0,2.05,0.0
Dubai Floods 2024,Flood,29.2,19.5,24.92,0.0,23.5,71.5,1.32,0.0
Dubai Floods 2024,Flood,31.4,19.1,25.68,0.0,30.1,48.42,2.0,0.0
Dubai Floods 2024,Flood,30.6,21.8,26.57,0.0,29.7,58.62,1.78,0.0
Dubai Floods 2024,Flood,33.5,22.0,27.73,0.0,30.4,58.17,2.23,0.01
Dubai Floods 2024,Flood,36.5,22.9,30.23,0.0,31.6,42.25,3.17,0.01
Dubai Floods 2024,Flood,37.2,25.5,31.6,0.0,24.9,42.58,2.4,0.01
Dubai Floods 2024,Flood,36.2,25.5,30.8,0.0,22.1,54.08,2.0,0.0
Dubai Floods 2024,Flood,37.1,26.5,31.47,0.0,31.1,48.75,3.22,0.01
Dubai Floods 2024,Flood,26.6,22.6,24.69,14.5,33.5,80.5,3.79,0.02
Dubai Floods 2024,Flood,30.0,21.6,25.56,0.0,16.6,78.25,1.07,0.0
Dubai Floods 2024,Flood,33.8,21.6,27.97,0.0,27.5,64.17,1.91,0.0
Dubai Floods 2024,Flood,34.0,23.0,28.98,0.0,14.7,59.0,1.9,0.0
Dubai Floods 2024,Flood,34.9,24.0,28.75,0.0,19.4,59.0,1.73,0.0
Dubai Floods 2024,Flood,38.7,23.7,30.36,0.0,26.2,47.67,2.76,0.01
Dubai Floods 2024,Flood,37.0,25.1,30.59,0.0,23.4,54.21,2.22,0.01
Dubai Floods 2024,Flood,34.8,25.8,30.09,0.0,25.2,58.42,2.11,0.0
Dubai Floods 2024,Flood,31.0,22.5,27.57,0.0,24.1,64.46,1.23,0.0
Dubai Floods 2024,Flood,32.2,22.0,27.55,0.0,22.0,74.42,1.25,0.0
Dubai Floods 2024,Flood,36.0,22.0,29.27,0.0,24.5,57.21,2.14,0.0
Dubai Floods 2024,Flood,40.2,24.4,32.18,0.0,27.1,42.5,3.09,0.01
Dubai Floods 2024,Flood,41.2,27.0,33.48,0.0,27.2,36.25,3.54,0.02
Dubai Floods 2024,Flood,39.8,28.1,33.2,0.0,31.1,36.83,4.16,0.03
Dubai Floods 2024,Flood,40.2,27.0,32.65,0.0,31.3,37.96,3.97,0.03
Dubai Floods 2024,Flood,39.3,26.6,32.21,0.0,27.5,43.75,3.13,0.01
Dubai Floods 2024,Flood,36.8,26.8,31.68,0.0,19.7,50.5,2.55,0.01
Dubai Floods 2024,Flood,33.2,25.6,29.79,0.0,26.7,63.54,1.74,0.0
Dubai Floods 2024,Flood,35.0,25.2,29.49,0.0,28.9,68.71,2.3,0.01
Dubai Floods 2024,Flood,33.0,24.7,28.95,0.0,19.1,71.0,1.39,0.0
Dubai Floods 2024,Flood,35.3,24.6,30.4,0.0,18.9,51.71,1.78,0.0
Dubai Floods 2024,Flood,38.0,25.9,32.32,0.0,24.9,43.21,2.8,0.01
Dubai Floods 2024,Flood,35.6,28.3,31.97,0.0,30.7,57.08,3.4,0.02
Dubai Floods 2024,Flood,36.2,26.0,31.27,0.0,21.9,63.67,2.09,0.0
Dubai Floods 2024,Flood,37.5,24.9,31.44,0.0,18.1,66.5,2.48,0.01
Dubai Floods 2024,Flood,38.4,26.8,33.13,0.0,20.6,49.75,2.87,0.01
Dubai Floods 2024,Flood,38.0,25.6,31.79,0.0,26.1,61.92,2.68,0.01
Dubai Floods 2024,Flood,37.5,24.9,31.08,0.0,19.1,71.04,2.4,0.01
Dubai Floods 2024,Flood,36.9,26.2,31.93,0.0,17.6,68.5,2.47,0.01
German Floods 2021,Flood,15.4,12.6,14.08,2.8,21.6,83.79,2.2,0.0
German Floods 2021,Flood,21.2,12.6,16.93,0.9,10.8,75.92,2.01,0.0
German Floods 2021,Flood,25.5,12.1,20.01,0.0,10.5,71.17,1.89,0.0
German Floods 2021,Flood,22.4,15.9,18.35,17.0,16.8,88.71,3.48,0.02
German Floods 2021,Flood,20.5,15.1,17.48,5.1,13.4,81.0,2.58,0.01
German Floods 2021,Flood,22.8,14.1,18.77,3.8,30.6,74.17,2.46,0.01
German Floods 2021,Flood,23.2,14.6,19.32,0.2,16.5,65.67,1.34,0.0
German Floods 2021,Flood,22.2,13.6,18.1,4.7,10.1,82.42,2.94,0.01
German Floods 2021,Flood,22.4,15.1,18.26,8.9,13.0,83.62,2.86,0.01
German Floods 2021,Flood,22.6,13.9,18.95,4.3,7.1,76.21,3.42,0.02
German Floods 2021,Flood,21.8,15.8,18.56,2.5,14.1,79.88,2.1,0.0
German Floods 2021,Flood,23.8,15.1,19.88,0.4,13.5,78.21,1.61,0.0
German Floods 2021,Flood,21.7,16.9,18.98,19.8,11.7,89.33,4.68,0.06
German Floods 2021,Flood,19.2,17.0,18.23,150.7,18.9,96.71,8.06,0.64
German Floods 2021,Flood,22.3,15.7,18.7,5.3,16.1,88.38,2.12,0.0
German Floods 2021,Flood,19.2,16.1,17.75,1.1,16.9,82.83,1.88,0.0
German Floods 2021,Flood,24.7,15.9,19.81,0.0,16.2,76.33,1.14,0.0
German Floods 2021,Flood,25.5,14.4,20.07,0.0,17.3,77.46,1.28,0.0
German Floods 2021,Flood,22.2,14.4,18.11,0.0,14.6,77.54,1.39,0.0
German Floods 2021,Flood,21.9,12.5,17.16,0.0,10.7,74.38,1.84,0.0
German Floods 2021,Flood,23.9,11.9,18.51,0.0,14.8,67.71,1.3,0.0
German Floods 2021,Flood,24.7,13.6,19.54,0.0,16.0,73.79,1.22,0.0
German Floods 2021,Flood,24.8,14.0,19.58,0.0,10.9,71.92,1.87,0.0
German Floods 2021,Flood,23.8,16.4,19.54,2.6,14.5,82.21,1.93,0.0
German Floods 2021,Flood,25.2,15.6,20.35,1.3,14.5,76.5,1.58,0.0
German Floods 2021,Flood,24.6,16.5,19.9,2.9,16.9,76.67,1.72,0.0
German Floods 2021,Flood,22.5,15.6,18.7,5.0,15.9,81.38,2.06,0.0
German Floods 2021,Flood,22.6,15.4,18.76,0.4,20.6,70.58,1.29,0.0
German Floods 2021,Flood,20.8,15.6,18.02,0.3,26.3,64.83,1.8,0.0
German Floods 2021,Flood,24.8,12.4,19.32,0.0,22.3,64.12,1.33,0.0
German Floods 2021,Flood,20.6,15.2,17.88,1.4,27.6,69.79,1.78,0.0
German Floods 2021,Flood,20.5,14.1,16.9,3.2,18.3,79.71,1.89,0.0
German Floods 2021,Flood,18.9,12.4,15.6,7.2,11.5,82.62,3.2,0.01
German Floods 2021,Flood,19.3,11.5,15.56,6.9,9.2,86.38,3.69,0.02
German Floods 2021,Flood,21.3,11.8,16.91,0.3,7.1,81.08,2.71,0.01
German Floods 2021,Flood,22.3,13.5,18.34,0.3,11.5,78.62,1.87,0.0
German Floods 2021,Flood,21.9,16.2,18.55,6.1,22.0,77.29,2.19,0.0
German Floods 2021,Flood,21.6,14.1,18.19,0.3,19.6,68.46,1.25,0.0
German Floods 2021,Flood,19.6,14.5,17.03,1.1,22.2,67.71,1.6,0.0
German Floods 2021,Flood,21.2,14.4,17.31,2.9,19.5,72.88,1.84,0.0
German Floods 2021,Flood,22.0,13.1,17.68,9.7,12.1,82.08,3.26,0.01
German Floods 2021,Flood,24.0,14.1,19.33,0.0,8.3,77.75,2.27,0.01
German Floods 2021,Flood,25.8,14.4,20.25,0.0,8.9,79.88,2.32,0.01
German Floods 2021,Flood,24.5,15.5,19.83,0.2,18.4,79.79,1.22,0.0
German Floods 2021,Flood,25.0,13.9,19.05,0.0,14.4,74.08,1.46,0.0
German Floods 2021,Flood,27.0,13.9,20.77,0.0,20.7,71.88,1.38,0.0
German Floods 2021,Flood,19.0,12.4,15.52,4.0,28.7,79.42,2.41,0.01
German Floods 2021,Flood,17.4,11.7,14.06,5.1,23.5,84.88,2.71,0.01
German Floods 2021,Flood,19.6,14.4,16.85,1.7,18.7,82.25,1.82,0.0
German Floods 2021,Flood,20.0,16.0,17.75,0.3,20.7,79.21,1.5,0.0
German Floods 2021,Flood,21.6,13.5,17.63,0.8,12.0,79.25,1.83,0.0
German Floods 2021,Flood,25.4,12.9,19.53,4.2,9.5,78.96,3.14,0.01
German Floods 2021,Flood,21.2,15.7,18.15,8.4,17.3,82.71,2.65,0.01
German Floods 2021,Flood,21.2,14.8,17.76,0.9,15.1,81.38,1.6,0.0
German Floods 2021,Flood,22.5,12.6,16.97,0.0,18.3,66.71,1.1,0.0
German Floods 2021,Flood,21.4,11.0,16.6,0.0,12.9,69.5,1.68,0.0
German Floods 2021,Flood,17.6,12.6,15.5,3.9,19.3,81.17,2.36,0.01
German Floods 2021,Flood,17.7,11.9,14.48,12.0,21.2,86.71,3.38,0.02
German Floods 2021,Flood,18.5,12.9,15.52,6.6,20.0,86.67,2.47,0.01
German Floods 2021,Flood,16.7,13.8,15.23,4.6,23.4,91.04,2.59,0.01
German Floods 2021,Flood,20.1,14.4,16.78,1.3,16.0,85.04,1.73,0.0
Pakistan Floods 2022,Flood,31.9,26.8,28.91,0.0,33.6,79.58,2.54,0.01
Pakistan Floods 2022,Flood,32.9,26.8,29.28,0.0,36.7,77.62,3.46,0.02
Pakistan Floods 2022,Flood,32.4,26.8,29.04,0.0,37.4,79.04,3.51,0.02
Pakistan Floods 2022,Flood,31.8,27.0,28.9,0.0,34.4,80.75,2.87,0.01
Pakistan Floods 2022,Flood,31.4,27.0,28.75,0.0,33.5,81.12,2.59,0.01
Pakistan Floods 2022,Flood,31.1,26.5,28.5,0.0,30.9,79.38,2.26,0.01
Pakistan Floods 2022,Flood,30.8,26.8,28.55,0.0,32.3,77.67,2.41,0.01
Pakistan Floods 2022,Flood,31.1,27.1,28.82,0.0,36.2,76.21,3.22,0.01
Pakistan Floods 2022,Flood,31.3,27.2,28.88,0.2,34.4,78.62,3.01,0.01
Pakistan Floods 2022,Flood,30.6,27.4,28.75,3.4,30.1,83.12,2.82,0.01
Pakistan Floods 2022,Flood,30.5,27.3,28.63,1.8,25.8,82.88,2.29,0.01
Pakistan Floods 2022,Flood,30.4,27.5,28.93,1.1,24.6,82.04,2.32,0.01
Pakistan Floods 2022,Flood,30.9,27.4,29.02,1.6,23.5,82.83,2.24,0.01
Pakistan Floods 2022,Flood,31.2,27.5,29.3,0.4,23.6,77.75,2.09,0.0
Pakistan Floods 2022,Flood,31.3,27.9,29.47,1.1,32.1,78.25,3.06,0.01
Pakistan Floods 2022,Flood,31.1,28.1,29.51,1.7,34.2,77.46,3.51,0.02
Pakistan Floods 2022,Flood,31.3,28.0,29.61,1.2,31.0,79.25,2.94,0.01
Pakistan Floods 2022,Flood,31.3,28.0,29.43,3.0,29.1,80.54,2.89,0.01
Pakistan Floods 2022,Flood,31.1,28.0,29.35,1.1,28.9,82.33,2.63,0.01
Pakistan Floods 2022,Flood,30.7,28.0,29.21,0.9,38.5,79.17,4.14,0.03
Pakistan Floods 2022,Flood,31.6,27.8,29.27,0.1,31.1,83.29,2.83,0.01
Pakistan Floods 2022,Flood,31.1,27.5,29.28,0.9,22.5,81.38,2.11,0.0
Pakistan Floods 2022,Flood,34.1,27.1,29.91,0.0,26.8,76.88,2.25,0.01
Pakistan Floods 2022,Flood,34.5,27.1,29.93,0.0,30.3,74.38,2.73,0.01
Pakistan Floods 2022,Flood,32.5,27.3,29.74,0.0,30.3,77.12,2.47,0.01
Pakistan Floods 2022,Flood,33.0,27.7,30.09,0.0,28.9,78.17,2.52,0.01
Pakistan Floods 2022,Flood,32.7,27.9,30.13,0.0,26.9,80.21,2.29,0.01
Pakistan Floods 2022,Flood,32.0,28.6,30.15,2.1,23.1,79.67,2.98,0.01
Pakistan Floods 2022,Flood,31.8,28.5,29.97,1.8,31.2,80.08,3.36,0.02
Pakistan Floods 2022,Flood,32.1,28.6,30.05,1.2,32.5,80.08,3.41,0.02
Pakistan Floods 2022,Flood,32.1,28.6,30.2,1.1,29.4,80.58,3.03,0.01
Pakistan Floods 2022,Flood,30.9,28.6,29.71,1.3,24.6,82.0,2.97,0.01
Pakistan Floods 2022,Flood,30.9,28.5,29.52,0.1,18.9,83.38,2.49,0.01
Pakistan Floods 2022,Flood,31.9,27.4,29.68,31.9,17.2,81.71,5.45,0.11
Pakistan Floods 2022,Flood,30.0,27.0,28.95,6.0,16.0,86.42,2.45,0.01
Pakistan Floods 2022,Flood,31.3,27.7,28.63,28.4,23.5,86.88,4.95,0.07
Pakistan Floods 2022,Flood,30.8,26.6,28.18,2.1,23.8,86.58,1.85,0.0
Pakistan Floods 2022,Flood,29.9,26.4,27.72,32.4,21.0,86.5,4.95,0.07
Pakistan Floods 2022,Flood,28.3,27.0,27.63,19.6,23.4,86.88,3.9,0.03
Pakistan Floods 2022,Flood,29.2,26.9,28.0,14.5,22.4,85.71,3.21,0.01
Pakistan Floods 2022,Flood,29.1,26.4,27.99,10.1,29.8,84.83,3.02,0.01
Pakistan Floods 2022,Flood,30.0,27.6,28.81,2.3,28.5,84.17,2.59,0.01
Pakistan Floods 2022,Flood,30.3,27.6,28.8,0.7,19.2,87.71,2.02,0.0
Pakistan Floods 2022,Flood,32.1,27.6,29.92,0.4,16.4,88.67,2.26,0.01
Pakistan Floods 2022,Flood,32.9,27.0,29.7,20.2,29.1,78.42,4.66,0.06
Pakistan Floods 2022,Flood,31.9,26.9,29.07,3.7,39.0,79.96,4.13,0.03
Pakistan Floods 2022,Flood,32.1,27.4,29.11,14.5,33.0,83.67,4.35,0.04
Pakistan Floods 2022,Flood,29.8,27.5,28.55,1.7,18.1,84.17,2.23,0.01
Pakistan Floods 2022,Flood,30.0,27.7,28.97,0.5,24.2,83.67,2.39,0.01
Pakistan Floods 2022,Flood,29.9,27.9,28.81,1.2,31.2,85.67,2.91,0.01
Pakistan Floods 2022,Flood,30.0,27.6,28.77,1.2,33.7,82.88,2.9,0.01
Pakistan Floods 2022,Flood,30.1,27.4,28.6,1.0,26.2,83.42,2.21,0.0
Pakistan Floods 2022,Flood,29.8,27.6,28.59,0.7,27.6,84.46,2.23,0.01
Pakistan Floods 2022,Flood,28.9,25.9,27.34,189.0,30.3,89.04,7.94,0.61
Pakistan Floods 2022,Flood,28.6,26.5,27.48,36.3,23.6,87.5,5.16,0.09
Pakistan Floods 2022,Flood,29.2,26.8,27.94,3.1,22.4,83.79,1.94,0.0
Pakistan Floods 2022,Flood,29.1,26.6,27.66,1.2,25.8,84.71,1.82,0.0
Pakistan Floods 2022,Flood,29.1,26.8,27.85,1.6,30.2,84.17,2.32,0.01
Pakistan Floods 2022,Flood,29.5,26.8,27.92,0.5,30.8,82.79,2.36,0.01
Pakistan Floods 2022,Flood,29.3,26.7,27.97,0.4,30.8,82.25,2.35,0.01
Pakistan Floods 2022,Flood,29.5,26.6,27.99,1.4,33.5,85.54,2.56,0.01
Pakistan Floods 2022,Flood,29.2,27.0,28.12,0.4,33.2,85.46,2.59,0.01
Pakistan Floods 2022,Flood,29.8,26.9,28.15,0.4,27.3,85.71,1.92,0.0
Pakistan Floods 2022,Flood,29.4,26.9,28.04,0.3,21.8,85.71,1.66,0.0
Pakistan Floods 2022,Flood,29.8,27.0,28.36,0.6,20.4,87.58,1.72,0.0
Pakistan Floods 2022,Flood,31.0,27.1,28.63,0.1,24.2,85.29,1.91,0.0
Pakistan Floods 2022,Flood,29.3,26.5,28.11,21.7,21.5,87.42,3.65,0.02
Pakistan Floods 2022,Flood,30.1,27.4,28.57,4.0,20.3,88.58,2.4,0.01
Pakistan Floods 2022,Flood,31.0,27.4,28.95,1.5,19.4,87.79,2.12,0.0
Pakistan Floods 2022,Flood,33.0,26.9,29.62,15.7,15.7,86.04,3.89,0.03
Pakistan Floods 2022,Flood,32.5,27.8,29.17,12.1,15.8,89.17,3.8,0.02
Pakistan Floods 2022,Flood,35.0,26.9,29.3,56.2,29.3,85.38,7.02,0.38
Pakistan Floods 2022,Flood,30.2,25.8,27.84,64.2,40.5,86.67,7.82,0.58
Pakistan Floods 2022,Flood,28.8,25.8,27.17,12.3,20.6,86.25,2.54,0.01
Pakistan Floods 2022,Flood,30.8,25.2,27.55,69.5,25.9,83.96,7.16,0.41
Pakistan Floods 2022,Flood,29.8,26.5,27.89,6.7,19.1,86.88,2.13,0.0
Pakistan Floods 2022,Flood,29.4,26.2,27.69,16.2,16.7,86.88,2.9,0.01
Pakistan Floods 2022,Flood,29.2,27.2,27.9,17.9,27.4,87.67,4.14,0.03
Pakistan Floods 2022,Flood,28.6,27.1,27.79,4.5,35.6,86.96,3.59,0.02
Pakistan Floods 2022,Flood,28.0,26.8,27.38,0.8,34.5,87.58,2.7,0.01
Pakistan Floods 2022,Flood,29.0,26.9,27.62,3.1,26.5,87.29,2.25,0.01
Pakistan Floods 2022,Flood,29.1,26.6,27.62,1.2,28.6,87.0,1.98,0.0
Pakistan Floods 2022,Flood,29.7,26.2,27.78,0.4,22.5,84.62,1.5,0.0
Pakistan Floods 2022,Flood,28.5,26.4,27.35,4.9,24.5,85.21,2.19,0.0
Pakistan Floods 2022,Flood,28.0,26.6,27.22,11.1,30.3,84.17,3.36,0.02
Pakistan Floods 2022,Flood,29.4,26.4,27.88,0.0,31.3,81.54,2.29,0.01
Pakistan Floods 2022,Flood,29.0,26.0,27.37,0.1,24.5,79.96,1.54,0.0
Pakistan Floods 2022,Flood,28.5,26.0,27.14,0.4,25.8,81.62,1.7,0.0
Pakistan Floods 2022,Flood,28.7,26.2,27.25,0.7,28.9,79.33,1.92,0.0
Pakistan Floods 2022,Flood,29.0,25.6,27.23,0.1,22.0,80.46,1.18,0.0
Pakistan Floods 2022,Flood,29.5,25.5,27.39,0.0,19.9,82.21,1.16,0.0
Pakistan Floods 2022,Flood,29.0,25.5,27.46,0.0,20.6,83.04,1.16,0.0
Pakistan Floods 2022,Flood,29.0,26.2,27.59,0.7,26.4,84.88,1.8,0.0
Pakistan Floods 2022,Flood,29.4,26.4,27.74,0.0,19.7,82.46,1.41,0.0
Pakistan Floods 2022,Flood,29.2,26.5,27.65,0.5,29.9,82.0,2.09,0.0
Pakistan Floods 2022,Flood,29.4,26.5,27.64,0.2,38.2,79.08,3.47,0.02
Pakistan Floods 2022,Flood,29.2,26.2,27.59,0.5,32.7,78.38,2.34,0.01
Pakistan Floods 2022,Flood,29.4,25.0,27.18,0.0,20.2,81.0,1.16,0.0
Pakistan Floods 2022,Flood,29.1,25.2,27.04,0.0,22.5,84.33,1.23,0.0
Pakistan Floods 2022,Flood,30.6,25.5,27.76,0.0,21.5,84.54,1.16,0.0
Pakistan Floods 2022,Flood,35.3,26.2,29.98,0.0,22.8,75.17,2.1,0.0
Pakistan Floods 2022,Flood,35.6,27.4,30.93,0.0,19.7,72.5,2.45,0.01
Pakistan Floods 2022,Flood,33.2,27.1,29.51,0.0,23.5,78.58,2.05,0.0
Pakistan Floods 2022,Flood,32.8,26.9,29.05,0.1,19.7,82.33,1.77,0.0
Pakistan Floods 2022,Flood,34.3,27.5,29.84,0.0,20.7,77.67,2.24,0.01
Pakistan Floods 2022,Flood,34.8,26.8,29.79,0.0,28.8,77.0,2.53,0.01
Pakistan Floods 2022,Flood,31.1,27.0,28.6,0.0,31.2,81.38,2.43,0.01
Pakistan Floods 2022,Flood,30.2,27.0,28.27,0.3,33.3,77.0,2.59,0.01
Pakistan Floods 2022,Flood,30.2,26.2,28.17,0.3,26.1,77.42,1.79,0.0
Pakistan Floods 2022,Flood,30.0,25.8,27.72,0.0,22.4,79.54,1.26,0.0
Pakistan Floods 2022,Flood,30.1,25.6,27.57,0.0,23.0,77.12,1.26,0.0
Pakistan Floods 2022,Flood,30.2,26.0,27.89,0.0,24.2,72.71,1.49,0.0
Pakistan Floods 2022,Flood,30.4,26.3,28.05,0.0,25.0,72.62,1.69,0.0
Pakistan Floods 2022,Flood,30.5,26.4,28.12,0.0,28.0,73.33,1.76,0.0
Pakistan Floods 2022,Flood,30.4,26.5,28.0,0.0,32.7,73.75,2.36,0.01
Pakistan Floods 2022,Flood,30.2,26.6,28.1,0.3,33.9,74.08,2.67,0.01
Pakistan Floods 2022,Flood,30.1,26.0,27.91,0.4,28.1,76.58,1.76,0.0
Pakistan Floods 2022,Flood,29.5,25.7,27.34,1.1,20.8,79.88,1.33,0.0
Pakistan Floods 2022,Flood,29.9,25.5,27.49,0.0,20.8,76.12,1.16,0.0
Pakistan Floods 2022,Flood,29.8,25.8,27.6,0.0,25.4,73.08,1.55,0.0
Pakistan Floods 2022,Flood,30.1,25.4,27.51,0.0,25.3,72.12,1.49,0.0
Pakistan Floods 2022,Flood,29.8,25.4,27.36,0.0,24.2,74.42,1.33,0.0
Miami Normal Year,Normal,26.0,21.2,23.86,1.1,12.3,86.42,1.82,0.0
Miami Normal Year,Normal,26.2,22.5,24.07,0.0,17.0,80.25,1.13,0.0
Miami Normal Year,Normal,26.3,23.2,24.45,3.5,19.9,80.0,1.56,0.0
Miami Normal Year,Normal,26.4,23.3,24.62,1.4,22.3,81.83,1.32,0.0
Miami Normal Year,Normal,27.2,22.9,24.5,0.3,17.3,82.42,1.16,0.0
Miami Normal Year,Normal,23.8,18.5,21.39,0.0,22.1,72.88,1.31,0.0
Miami Normal Year,Normal,24.4,16.1,19.83,0.0,18.2,67.46,1.09,0.0
Miami Normal Year,Normal,25.1,20.0,22.1,0.0,16.6,66.67,1.34,0.0
Miami Normal Year,Normal,26.0,18.3,22.04,1.0,22.9,77.5,1.42,0.0
Miami Normal Year,Normal,25.6,16.5,20.61,0.1,13.3,70.25,1.72,0.0
Miami Normal Year,Normal,24.0,12.2,18.18,0.0,14.3,57.5,1.35,0.0
Miami Normal Year,Normal,26.0,15.9,21.44,0.0,14.2,62.67,1.35,0.0
Miami Normal Year,Normal,27.5,17.5,20.87,4.5,32.7,72.42,2.69,0.01
Miami Normal Year,Normal,17.9,9.1,13.64,0.0,28.9,55.29,1.94,0.0
Miami Normal Year,Normal,17.4,5.8,11.05,0.0,19.7,59.54,1.83,0.0
Miami Normal Year,Normal,21.1,8.2,13.71,0.0,14.0,51.75,1.61,0.0
Miami Normal Year,Normal,23.0,12.3,17.76,0.0,16.7,67.42,1.13,0.0
Miami Normal Year,Normal,25.0,14.1,19.68,0.0,17.4,69.46,1.28,0.0
Miami Normal Year,Normal,26.9,20.5,23.35,0.0,18.3,66.21,1.11,0.0
Miami Normal Year,Normal,26.6,17.2,22.19,0.0,15.5,73.62,1.21,0.0
Miami Normal Year,Normal,26.8,18.3,22.59,0.0,14.5,72.17,1.28,0.0
Miami Normal Year,Normal,27.0,22.5,24.37,0.2,30.2,74.75,1.97,0.0
Miami Normal Year,Normal,28.0,21.6,24.46,1.6,20.9,79.17,1.25,0.0
Miami Normal Year,Normal,25.2,20.6,22.88,1.4,24.3,73.96,1.68,0.0
Miami Normal Year,Normal,26.7,22.9,24.54,0.7,29.3,73.62,1.87,0.0
Miami Normal Year,Normal,26.6,20.7,23.47,3.1,17.1,85.29,1.59,0.0
Miami Normal Year,Normal,22.5,16.5,19.69,0.0,27.0,75.08,1.7,0.0
Miami Normal Year,Normal,24.5,20.2,22.4,0.4,28.1,75.71,1.77,0.0
Miami Normal Year,Normal,26.2,22.7,24.07,0.0,22.8,69.67,1.13,0.0
Miami Normal Year,Normal,26.4,22.9,24.46,1.5,19.2,78.54,1.31,0.0
Miami Normal Year,Normal,26.8,22.5,24.55,0.2,15.8,72.62,1.3,0.0
Miami Normal Year,Normal,27.2,22.7,24.63,0.2,18.2,73.67,1.18,0.0
Miami Normal Year,Normal,26.8,21.1,23.85,0.3,20.0,81.29,1.1,0.0
Miami Normal Year,Normal,28.9,20.3,24.42,0.0,23.5,75.58,1.31,0.0
Miami Normal Year,Normal,25.1,19.0,21.38,4.9,37.9,78.21,3.89,0.03
Miami Normal Year,Normal,25.8,20.5,22.6,28.9,30.6,81.33,4.64,0.05
Miami Normal Year,Normal,25.2,19.1,21.75,17.9,24.2,82.33,3.31,0.01
Miami Normal Year,Normal,24.0,21.1,22.33,0.0,23.0,70.12,1.5,0.0
Miami Normal Year,Normal,25.0,20.9,22.84,0.0,23.1,62.29,1.31,0.0
Miami Normal Year,Normal,25.5,22.5,23.76,1.1,24.3,72.58,1.51,0.0
Miami Normal Year,Normal,26.4,22.9,24.25,0.3,21.3,73.33,1.15,0.0
Miami Normal Year,Normal,27.1,22.4,24.53,0.1,25.4,78.25,1.41,0.0
Miami Normal Year,Normal,26.1,20.9,22.93,2.3,32.1,74.25,2.54,0.01
Miami Normal Year,Normal,24.4,13.4,18.65,0.0,22.8,56.75,1.37,0.0
Miami Normal Year,Normal,23.7,13.6,18.7,0.0,18.2,56.67,1.16,0.0
Miami Normal Year,Normal,25.9,21.1,23.24,0.0,24.3,59.08,1.34,0.0
Miami Normal Year,Normal,27.5,23.0,24.74,0.0,26.8,62.33,1.43,0.0
Miami Normal Year,Normal,27.0,22.6,24.62,4.7,20.9,77.42,1.6,0.0
Miami Normal Year,Normal,26.5,20.4,23.22,0.9,28.7,83.58,1.86,0.0
Miami Normal Year,Normal,26.7,22.3,24.19,1.2,17.3,75.0,1.19,0.0
Miami Normal Year,Normal,27.1,19.5,23.5,0.0,19.7,81.5,1.14,0.0
Miami Normal Year,Normal,27.1,19.2,23.54,0.0,21.7,78.58,1.16,0.0
Miami Normal Year,Normal,28.2,20.4,24.57,0.0,21.4,72.12,1.05,0.0
Miami Normal Year,Normal,27.6,24.0,25.43,0.4,20.9,70.58,1.1,0.0
Miami Normal Year,Normal,28.2,21.2,25.1,0.0,15.5,69.58,1.13,0.0
Miami Normal Year,Normal,28.2,19.9,24.55,0.0,12.9,67.58,1.54,0.0
Miami Normal Year,Normal,28.4,19.4,23.75,0.0,19.3,69.92,1.09,0.0
Miami Normal Year,Normal,27.5,18.0,23.47,0.0,26.4,69.42,1.41,0.0
Miami Normal Year,Normal,30.0,19.6,23.99,0.0,32.7,69.58,2.32,0.01
Miami Normal Year,Normal,27.6,16.4,22.8,0.0,21.6,60.12,1.19,0.0
Miami Normal Year,Normal,27.4,21.9,24.41,0.0,22.5,64.25,1.13,0.0
Miami Normal Year,Normal,28.4,23.5,25.6,0.1,35.0,67.79,2.62,0.01
Miami Normal Year,Normal,29.5,23.6,26.26,0.0,26.7,72.92,1.39,0.0
Miami Normal Year,Normal,30.4,19.2,25.46,0.0,22.0,58.62,1.2,0.0
Miami Normal Year,Normal,30.1,21.2,25.33,0.8,17.3,72.58,1.1,0.0
Miami Normal Year,Normal,30.5,21.1,25.1,3.1,21.3,72.58,1.46,0.0
Miami Normal Year,Normal,29.5,21.0,24.39,5.1,24.6,73.54,1.88,0.0
Miami Normal Year,Normal,25.1,21.9,23.74,0.0,23.7,64.54,1.36,0.0
Miami Normal Year,Normal,26.5,20.0,22.82,0.0,26.2,58.62,1.51,0.0
Miami Normal Year,Normal,30.5,19.5,23.81,0.6,26.3,64.79,1.68,0.0
Miami Normal Year,Normal,27.5,20.6,24.27,0.2,26.3,72.0,1.56,0.0
Miami Normal Year,Normal,31.0,22.0,25.64,0.9,27.9,72.25,1.69,0.0
Miami Normal Year,Normal,28.0,20.8,23.73,4.1,21.2,76.33,1.57,0.0
Miami Normal Year,Normal,24.0,19.1,21.28,4.7,27.9,68.04,2.54,0.01
Miami Normal Year,Normal,23.4,17.3,20.39,0.0,23.1,60.42,1.38,0.0
Miami Normal Year,Normal,26.3,20.1,22.61,0.0,23.2,52.21,1.23,0.0
Miami Normal Year,Normal,27.3,20.3,24.21,0.0,29.5,66.0,1.71,0.0
Miami Normal Year,Normal,27.0,19.5,22.92,3.9,25.6,80.88,2.05,0.0
Miami Normal Year,Normal,23.3,15.2,18.32,27.0,25.8,81.88,4.13,0.03
Miami Normal Year,Normal,23.6,15.9,19.76,0.2,20.6,71.08,1.19,0.0
Miami Normal Year,Normal,25.8,20.5,22.6,0.1,22.4,65.88,1.24,0.0
Miami Normal Year,Normal,26.8,21.5,23.72,0.0,21.0,65.0,1.11,0.0
Miami Normal Year,Normal,27.4,22.2,24.3,0.3,19.8,68.21,1.12,0.0
Miami Normal Year,Normal,27.6,23.4,25.19,0.1,23.0,75.29,1.21,0.0
Miami Normal Year,Normal,28.5,23.6,25.65,0.0,21.7,75.29,1.07,0.0
Miami Normal Year,Normal,28.4,23.7,25.75,0.6,22.5,72.92,1.17,0.0
Miami Normal Year,Normal,28.6,22.0,25.4,16.9,19.2,77.21,3.04,0.01
Miami Normal Year,Normal,27.6,21.0,24.05,3.5,15.6,80.71,1.62,0.0
Miami Normal Year,Normal,25.2,21.2,22.68,58.5,26.9,84.25,6.17,0.21
Miami Normal Year,Normal,27.1,22.0,24.32,1.5,24.9,65.67,1.58,0.0
Miami Normal Year,Normal,28.1,23.8,25.42,0.5,19.7,67.0,1.06,0.0
Miami Normal Year,Normal,29.1,21.4,24.91,1.7,20.6,79.58,1.24,0.0
Miami Normal Year,Normal,28.6,22.7,25.44,0.3,19.7,75.42,1.08,0.0
Miami Normal Year,Normal,28.8,23.6,26.1,0.6,19.4,70.46,1.09,0.0
Miami Normal Year,Normal,29.1,24.0,26.3,0.0,22.8,63.83,1.1,0.0
Miami Normal Year,Normal,28.1,24.1,26.2,0.9,24.9,66.58,1.5,0.0
Miami Normal Year,Normal,28.1,23.5,25.64,0.6,22.1,67.75,1.12,0.0
Miami Normal Year,Normal,28.5,23.4,25.68,1.0,18.2,64.96,1.14,0.0
Miami Normal Year,Normal,30.1,20.1,24.63,29.2,21.0,75.25,4.13,0.03
Miami Normal Year,Normal,24.5,19.2,21.88,3.9,24.3,85.5,1.97,0.0
Miami Normal Year,Normal,23.6,19.9,21.84,30.0,35.3,81.71,5.53,0.12
Miami Normal Year,Normal,24.0,21.0,22.13,27.8,33.6,84.12,4.73,0.06
Miami Normal Year,Normal,27.2,22.8,24.38,5.8,20.2,82.12,1.67,0.0
Miami Normal Year,Normal,28.5,21.3,24.68,0.7,17.3,83.62,1.15,0.0
Miami Normal Year,Normal,28.5,22.8,25.82,0.1,16.1,82.29,1.16,0.0
Miami Normal Year,Normal,28.2,20.9,25.18,3.5,19.9,85.54,1.53,0.0
Miami Normal Year,Normal,28.3,20.8,24.22,14.9,17.8,82.33,2.74,0.01
Miami Normal Year,Normal,26.2,18.2,22.38,0.1,19.6,74.58,1.16,0.0
Miami Normal Year,Normal,26.1,20.0,23.07,0.1,18.7,64.62,1.21,0.0
Miami Normal Year,Normal,27.1,22.2,24.36,0.8,18.6,64.33,1.15,0.0
Miami Normal Year,Normal,27.0,20.0,23.85,0.5,12.6,76.17,1.68,0.0
Miami Normal Year,Normal,28.4,21.3,24.7,1.1,12.3,72.12,1.7,0.0
Miami Normal Year,Normal,27.8,20.4,23.83,0.6,15.6,77.88,1.22,0.0
Miami Normal Year,Normal,26.6,21.7,23.7,4.5,16.5,81.58,1.68,0.0
Miami Normal Year,Normal,28.5,20.0,23.87,4.6,17.3,77.29,1.77,0.0
Miami Normal Year,Normal,30.1,19.7,23.92,21.9,24.5,80.83,3.86,0.03
Miami Normal Year,Normal,28.4,20.4,24.55,6.7,22.5,81.21,1.98,0.0
Miami Normal Year,Normal,28.0,20.6,25.39,10.4,24.4,82.58,2.52,0.01
Miami Normal Year,Normal,28.4,24.8,26.64,1.0,24.5,83.79,1.44,0.0
Miami Normal Year,Normal,29.2,23.5,26.37,6.2,38.3,75.29,3.69,0.02
Miami Normal Year,Normal,27.2,19.0,23.0,0.0,22.9,68.5,1.26,0.0
Miami Normal Year,Normal,30.4,19.0,24.25,0.0,26.8,71.62,1.54,0.0
Miami Normal Year,Normal,30.2,19.2,24.45,0.0,26.4,69.79,1.59,0.0
Miami Normal Year,Normal,29.2,19.6,24.68,0.0,20.2,53.46,1.14,0.0
Miami Normal Year,Normal,29.4,18.8,25.04,0.0,24.4,62.38,1.38,0.0
Miami Normal Year,Normal,29.1,22.5,26.0,0.8,20.9,65.12,1.04,0.0
Miami Normal Year,Normal,27.3,22.6,25.0,3.2,28.6,70.5,2.01,0.0
Miami Normal Year,Normal,28.5,22.9,25.41,0.0,21.4,59.71,1.04,0.0
Miami Normal Year,Normal,29.5,23.1,26.13,0.2,20.9,65.79,1.13,0.0
Miami Normal Year,Normal,30.2,21.7,26.28,0.1,16.1,69.46,1.17,0.0
Miami Normal Year,Normal,29.7,24.4,26.96,0.0,21.1,64.54,1.09,0.0
Miami Normal Year,Normal,29.5,25.0,26.98,0.0,26.1,63.58,1.5,0.0
Miami Normal Year,Normal,29.1,24.1,26.57,0.3,24.0,64.29,1.28,0.0
Miami Normal Year,Normal,29.5,24.5,26.54,1.2,22.0,61.04,1.2,0.0
Miami Normal Year,Normal,29.4,21.9,25.75,3.5,15.7,74.58,1.56,0.0
Miami Normal Year,Normal,30.9,21.5,25.41,1.9,19.7,75.17,1.36,0.0
Miami Normal Year,Normal,31.1,22.9,26.53,6.6,23.4,72.5,1.93,0.0
Miami Normal Year,Normal,29.5,22.0,25.83,2.2,19.6,77.58,1.25,0.0
Miami Normal Year,Normal,28.7,22.7,25.47,7.1,14.0,82.46,1.84,0.0
Miami Normal Year,Normal,29.5,23.1,26.65,0.9,15.1,78.38,1.34,0.0
Miami Normal Year,Normal,29.9,23.2,26.71,1.1,14.4,75.17,1.39,0.0
Miami Normal Year,Normal,30.0,24.0,26.81,3.5,11.8,76.79,1.87,0.0
Miami Normal Year,Normal,29.2,23.8,26.18,4.9,16.6,77.71,1.44,0.0
Miami Normal Year,Normal,28.0,21.8,24.56,25.3,12.6,84.25,4.27,0.04
Miami Normal Year,Normal,29.0,21.6,24.59,9.4,15.3,83.21,1.97,0.0
Miami Normal Year,Normal,27.4,20.8,23.61,25.1,10.7,86.38,4.37,0.04
Miami Normal Year,Normal,28.8,20.8,24.22,9.6,15.3,84.29,1.99,0.0
Miami Normal Year,Normal,29.7,22.3,25.65,8.0,19.9,79.58,1.89,0.0
Miami Normal Year,Normal,30.5,21.4,25.85,0.0,18.4,71.58,1.07,0.0
Miami Normal Year,Normal,28.7,23.2,25.78,2.4,14.1,81.29,1.62,0.0
Miami Normal Year,Normal,27.6,23.0,24.8,6.9,13.7,86.71,2.08,0.0
Miami Normal Year,Normal,29.6,22.1,25.13,25.0,15.4,83.12,3.66,0.02
Miami Normal Year,Normal,28.7,21.0,24.26,9.8,16.8,86.62,1.84,0.0
Miami Normal Year,Normal,27.5,21.9,24.53,5.5,13.0,86.92,2.14,0.0
Miami Normal Year,Normal,27.4,22.3,24.84,16.3,17.8,85.67,2.89,0.01
Miami Normal Year,Normal,29.2,20.6,24.68,2.5,22.2,84.33,1.44,0.0
Miami Normal Year,Normal,26.2,22.6,24.59,9.6,13.4,85.58,2.49,0.01
Miami Normal Year,Normal,28.5,23.5,25.23,8.6,14.8,86.25,1.97,0.0
Miami Normal Year,Normal,30.4,22.8,25.74,7.2,21.4,83.67,1.71,0.0
Miami Normal Year,Normal,28.1,23.4,25.48,10.0,16.5,86.29,1.89,0.0
Miami Normal Year,Normal,29.0,22.5,25.59,6.6,12.4,84.54,1.99,0.0
Miami Normal Year,Normal,28.1,23.5,25.97,4.9,20.9,84.25,1.47,0.0
Miami Normal Year,Normal,28.6,23.4,25.95,20.0,21.3,85.17,3.24,0.01
Miami Normal Year,Normal,30.0,24.5,27.28,5.3,18.9,82.83,1.65,0.0
Miami Normal Year,Normal,30.0,25.8,27.96,1.8,20.3,82.04,1.46,0.0
Miami Normal Year,Normal,30.8,23.1,27.05,2.8,19.0,81.96,1.42,0.0
Miami Normal Year,Normal,33.5,26.7,29.49,3.3,31.8,70.88,3.04,0.01
Miami Normal Year,Normal,30.8,23.9,27.39,11.3,15.5,80.0,2.44,0.01
Miami Normal Year,Normal,30.3,23.1,26.21,17.9,24.2,83.71,3.26,0.01
Miami Normal Year,Normal,31.2,23.0,26.16,10.3,18.9,83.42,2.38,0.01
Miami Normal Year,Normal,29.6,23.4,26.56,6.8,18.4,83.71,1.6,0.0
Miami Normal Year,Normal,29.5,22.0,25.82,21.0,21.7,84.62,3.41,0.02
Miami Normal Year,Normal,28.9,24.5,26.49,5.4,18.0,86.12,1.63,0.0
Miami Normal Year,Normal,28.9,25.2,27.15,5.5,14.1,86.5,2.07,0.0
Miami Normal Year,Normal,29.6,25.4,27.07,3.7,14.2,85.58,1.94,0.0
Miami Normal Year,Normal,29.6,24.1,26.01,32.2,15.0,88.75,4.62,0.05
Miami Normal Year,Normal,29.3,24.4,26.52,7.9,15.2,85.54,1.91,0.0
Miami Normal Year,Normal,31.0,23.2,27.03,5.3,11.5,83.42,2.16,0.0
Miami Normal Year,Normal,30.9,24.1,27.4,0.9,10.7,82.33,1.87,0.0
Miami Normal Year,Normal,31.0,24.7,27.17,18.6,12.1,85.62,4.02,0.03
Miami Normal Year,Normal,30.6,25.1,27.46,6.9,7.8,82.29,3.43,0.02
London Normal Year,Normal,11.9,8.5,10.23,4.0,31.4,83.04,3.38,0.02
London Normal Year,Normal,8.3,0.9,5.53,0.2,15.5,90.54,2.91,0.01
London Normal Year,Normal,12.4,2.2,8.31,3.2,37.4,90.62,4.36,0.04
London Normal Year,Normal,13.1,9.9,11.82,0.9,35.9,84.71,3.4,0.02
London Normal Year,Normal,12.9,7.8,10.47,0.1,31.5,87.21,2.65,0.01
London Normal Year,Normal,11.9,5.7,9.56,1.2,32.3,87.0,2.95,0.01
London Normal Year,Normal,11.6,7.2,10.11,5.0,36.7,84.08,4.22,0.04
London Normal Year,Normal,8.9,4.8,7.21,1.8,28.8,83.5,3.25,0.01
London Normal Year,Normal,8.2,3.6,5.65,0.3,26.0,81.17,2.99,0.01
London Normal Year,Normal,12.5,3.2,8.58,6.5,36.7,87.54,4.61,0.05
London Normal Year,Normal,10.3,6.6,8.62,2.8,34.5,81.79,3.66,0.02
London Normal Year,Normal,12.1,7.1,10.36,5.4,40.7,85.54,4.73,0.06
London Normal Year,Normal,10.2,5.0,7.39,0.0,33.8,73.96,3.2,0.01
London Normal Year,Normal,12.1,5.7,8.88,11.4,40.4,82.08,5.43,0.11
London Normal Year,Normal,7.7,0.8,4.6,0.0,29.6,76.25,3.33,0.02
London Normal Year,Normal,5.0,-4.2,2.17,13.4,27.9,88.12,6.09,0.2
London Normal Year,Normal,2.5,-4.7,-2.25,0.0,9.7,88.21,5.4,0.11
London Normal Year,Normal,4.5,-2.9,-0.41,0.0,17.2,86.75,3.84,0.03
London Normal Year,Normal,4.1,-3.3,-0.39,0.0,10.9,90.04,4.62,0.05
London Normal Year,Normal,5.9,-0.5,1.73,0.0,17.7,85.75,3.2,0.01
London Normal Year,Normal,5.3,-2.2,1.14,0.0,11.2,91.58,4.32,0.04
London Normal Year,Normal,1.5,-3.7,-1.9,0.0,5.4,93.75,5.82,0.16
London Normal Year,Normal,3.2,-4.2,-0.97,0.0,6.6,85.75,5.85,0.16
London Normal Year,Normal,4.8,-1.7,1.62,0.0,9.6,90.75,4.65,0.05
London Normal Year,Normal,5.7,-2.4,0.92,1.7,20.2,93.92,4.17,0.03
London Normal Year,Normal,7.8,2.7,4.58,0.3,23.7,89.21,2.99,0.01
London Normal Year,Normal,7.1,-2.0,3.8,0.0,21.5,83.96,3.27,0.01
London Normal Year,Normal,6.1,-2.2,2.33,0.0,11.2,87.62,4.11,0.03
London Normal Year,Normal,8.1,0.3,4.39,0.0,25.3,91.83,2.92,0.01
London Normal Year,Normal,8.9,1.1,5.88,0.0,23.5,83.12,2.62,0.01
London Normal Year,Normal,11.4,1.8,6.27,0.1,25.6,82.92,2.47,0.01
London Normal Year,Normal,9.8,3.8,6.38,0.0,31.1,78.71,2.79,0.01
London Normal Year,Normal,11.1,4.4,7.75,0.2,27.0,86.5,2.6,0.01
London Normal Year,Normal,12.3,4.9,9.28,0.0,22.7,85.92,2.04,0.0
London Normal Year,Normal,9.4,6.0,7.5,0.5,13.3,86.46,3.07,0.01
London Normal Year,Normal,8.5,-0.8,4.65,0.0,16.9,81.5,2.83,0.01
London Normal Year,Normal,8.4,-0.6,2.25,0.0,11.8,89.17,3.47,0.02
London Normal Year,Normal,5.8,-1.3,1.24,0.0,10.6,93.25,4.15,0.03
London Normal Year,Normal,7.2,-3.0,0.45,0.0,12.0,89.92,4.08,0.03
London Normal Year,Normal,9.2,-1.4,2.28,0.0,11.7,85.08,3.42,0.02
London Normal Year,Normal,7.8,-2.8,2.54,0.0,16.9,88.04,3.41,0.02
London Normal Year,Normal,10.6,6.3,7.94,0.0,12.7,86.71,2.72,0.01
London Normal Year,Normal,9.2,5.6,7.22,0.0,12.0,83.0,3.02,0.01
London Normal Year,Normal,11.4,1.9,5.6,0.0,12.6,86.96,2.61,0.01
London Normal Year,Normal,12.8,0.9,5.1,0.0,13.8,87.42,2.67,0.01
London Normal Year,Normal,12.9,1.1,6.7,0.0,19.3,83.5,2.23,0.01
London Normal Year,Normal,12.1,7.3,9.66,3.9,24.3,90.67,2.91,0.01
London Normal Year,Normal,13.6,9.4,11.68,0.1,36.2,86.79,3.37,0.02
London Normal Year,Normal,12.8,8.2,10.9,0.7,27.3,85.12,2.46,0.01
London Normal Year,Normal,12.1,6.2,8.58,0.0,18.5,80.08,2.03,0.0
London Normal Year,Normal,12.4,6.4,9.28,0.0,27.6,85.0,2.31,0.01
London Normal Year,Normal,10.9,4.5,8.02,1.2,13.2,89.83,2.94,0.01
London Normal Year,Normal,8.5,3.5,5.85,2.9,12.6,92.54,3.93,0.03
London Normal Year,Normal,8.3,2.2,5.8,1.7,23.9,83.46,3.11,0.01
London Normal Year,Normal,9.1,-1.1,3.99,0.0,15.2,82.58,2.94,0.01
London Normal Year,Normal,7.3,1.6,4.17,0.0,27.0,76.5,3.25,0.01
London Normal Year,Normal,7.7,0.6,4.02,0.0,27.6,65.67,3.21,0.01
London Normal Year,Normal,7.6,-0.5,3.92,0.0,20.9,70.67,3.08,0.01
London Normal Year,Normal,7.9,0.6,4.55,0.7,27.3,81.54,3.4,0.02
London Normal Year,Normal,7.2,3.2,5.25,0.6,19.2,83.96,3.14,0.01
London Normal Year,Normal,8.8,0.3,3.98,0.0,24.5,79.04,2.71,0.01
London Normal Year,Normal,6.3,0.9,3.88,0.4,19.6,80.21,3.33,0.02
London Normal Year,Normal,6.8,3.8,5.04,0.0,15.5,75.62,2.9,0.01
London Normal Year,Normal,4.9,-0.1,3.12,0.3,13.5,73.67,4.22,0.04
London Normal Year,Normal,8.9,-1.8,3.79,1.6,22.5,87.67,3.36,0.02
London Normal Year,Normal,4.4,-2.1,2.75,4.1,12.9,86.71,5.54,0.12
London Normal Year,Normal,2.5,0.2,1.39,13.2,23.3,95.79,5.88,0.17
London Normal Year,Normal,11.8,2.2,6.38,5.9,21.0,93.0,3.55,0.02
London Normal Year,Normal,8.4,-1.6,3.89,4.5,33.2,84.88,4.69,0.06
London Normal Year,Normal,7.8,-3.6,2.7,1.1,16.7,76.75,4.21,0.04
London Normal Year,Normal,12.9,5.8,10.09,1.3,32.6,84.62,2.84,0.01
London Normal Year,Normal,13.9,9.6,11.59,0.8,50.4,80.83,5.59,0.13
London Normal Year,Normal,9.8,3.8,6.16,5.7,26.7,72.12,3.75,0.02
London Normal Year,Normal,8.4,-1.0,4.6,2.2,23.4,83.92,3.55,0.02
London Normal Year,Normal,13.9,7.6,10.45,1.9,28.1,82.58,2.51,0.01
London Normal Year,Normal,13.6,8.1,10.64,1.9,17.4,90.33,2.36,0.01
London Normal Year,Normal,13.1,7.7,10.05,4.0,14.0,86.21,3.18,0.01
London Normal Year,Normal,10.6,5.3,8.23,1.7,19.7,76.54,2.53,0.01
London Normal Year,Normal,12.8,7.2,9.8,3.3,25.6,86.88,2.71,0.01
London Normal Year,Normal,13.9,8.6,10.77,1.4,31.1,82.08,2.62,0.01
London Normal Year,Normal,14.5,10.0,11.31,2.6,35.0,82.08,3.34,0.02
London Normal Year,Normal,13.9,7.8,10.75,8.5,36.2,80.08,4.24,0.04
London Normal Year,Normal,12.8,7.3,9.66,1.7,35.4,79.38,3.4,0.02
London Normal Year,Normal,13.5,7.5,9.96,0.5,38.5,70.54,3.72,0.02
London Normal Year,Normal,8.6,2.3,7.27,8.1,22.2,84.25,4.28,0.04
London Normal Year,Normal,9.6,1.8,5.35,0.0,12.3,69.21,2.84,0.01
London Normal Year,Normal,9.1,4.1,7.22,1.9,25.8,78.04,2.96,0.01
London Normal Year,Normal,14.1,8.0,11.49,3.3,29.6,89.33,2.81,0.01
London Normal Year,Normal,15.1,10.1,11.98,3.9,31.8,80.62,3.15,0.01
London Normal Year,Normal,13.4,9.8,10.81,12.4,33.7,87.0,4.49,0.05
London Normal Year,Normal,11.6,7.8,9.55,1.0,21.2,80.88,2.35,0.01
London Normal Year,Normal,11.3,2.3,7.65,0.0,23.0,72.25,2.14,0.0
London Normal Year,Normal,11.0,0.3,5.44,0.0,18.5,76.17,2.34,0.01
London Normal Year,Normal,12.5,-0.9,5.71,0.0,13.3,75.42,3.12,0.01
London Normal Year,Normal,11.7,0.6,6.75,1.4,12.5,78.62,3.36,0.02
London Normal Year,Normal,13.4,5.1,9.34,4.5,22.8,84.46,3.0,0.01
London Normal Year,Normal,13.7,2.8,8.05,0.2,10.1,71.96,3.35,0.02
London Normal Year,Normal,13.6,2.5,7.85,0.0,11.0,81.62,2.85,0.01
London Normal Year,Normal,15.4,3.5,9.57,0.0,15.5,76.33,2.11,0.0
London Normal Year,Normal,14.2,7.3,10.74,9.1,33.0,78.17,3.9,0.03
London Normal Year,Normal,12.6,5.8,8.8,7.5,39.4,75.88,4.75,0.06
London Normal Year,Normal,10.6,4.8,7.53,3.2,46.0,75.75,5.18,0.09
London Normal Year,Normal,12.2,3.8,8.16,1.0,27.0,66.54,2.6,0.01
London Normal Year,Normal,9.9,2.3,7.3,9.3,21.3,83.33,4.24,0.04
London Normal Year,Normal,14.2,5.3,9.57,1.1,18.0,79.5,2.09,0.0
London Normal Year,Normal,15.1,5.0,10.04,0.0,10.5,77.0,2.6,0.01
London Normal Year,Normal,15.8,7.2,10.53,0.5,18.4,79.75,1.84,0.0
London Normal Year,Normal,11.9,7.0,8.83,0.2,32.2,78.25,2.88,0.01
London Normal Year,Normal,14.9,6.2,10.13,0.0,29.7,72.42,2.27,0.01
London Normal Year,Normal,14.6,5.1,8.8,2.3,29.4,69.5,2.68,0.01
London Normal Year,Normal,11.2,4.5,7.26,3.3,16.3,84.5,2.99,0.01
London Normal Year,Normal,13.3,1.5,8.17,1.5,17.7,79.46,2.58,0.01
London Normal Year,Normal,13.0,6.5,10.24,3.9,22.0,81.75,2.83,0.01
London Normal Year,Normal,11.9,5.3,8.03,13.8,20.4,80.83,4.28,0.04
London Normal Year,Normal,10.2,1.1,6.46,0.0,12.9,67.58,2.88,0.01
London Normal Year,Normal,11.6,3.2,7.88,0.0,15.1,69.38,2.17,0.0
London Normal Year,Normal,14.0,4.9,9.42,6.7,21.8,75.88,3.35,0.02
London Normal Year,Normal,17.4,7.2,13.11,0.7,22.5,84.71,1.95,0.0
London Normal Year,Normal,17.5,4.5,10.9,0.0,13.4,79.83,2.25,0.01
London Normal Year,Normal,17.0,4.8,11.36,0.0,15.9,76.96,1.96,0.0
London Normal Year,Normal,16.9,8.0,12.01,1.0,16.0,80.21,2.05,0.0
London Normal Year,Normal,13.9,6.4,10.3,0.0,18.8,80.96,1.91,0.0
London Normal Year,Normal,13.8,4.9,9.4,0.0,24.1,74.79,2.27,0.01
London Normal Year,Normal,18.8,7.8,13.1,0.9,24.8,78.21,1.85,0.0
London Normal Year,Normal,17.6,10.2,13.64,0.7,19.9,80.42,1.79,0.0
London Normal Year,Normal,14.8,8.6,12.6,5.6,23.3,89.75,2.98,0.01
London Normal Year,Normal,18.6,11.5,14.94,0.7,10.7,82.25,2.2,0.0
London Normal Year,Normal,15.7,9.0,12.61,5.0,23.4,85.88,2.79,0.01
London Normal Year,Normal,17.1,10.4,13.8,7.7,18.6,86.25,2.97,0.01
London Normal Year,Normal,17.4,9.2,12.66,6.2,22.0,82.46,2.77,0.01
London Normal Year,Normal,17.0,8.2,12.3,3.7,9.4,80.71,3.55,0.02
London Normal Year,Normal,12.7,8.8,11.07,1.9,32.0,87.42,3.08,0.01
London Normal Year,Normal,15.4,8.0,11.59,0.0,20.2,83.75,1.9,0.0
London Normal Year,Normal,19.0,6.8,12.72,0.7,11.5,82.58,2.5,0.01
London Normal Year,Normal,14.8,6.1,11.79,0.5,23.7,69.71,2.16,0.0
London Normal Year,Normal,16.8,5.2,11.18,0.2,21.9,73.04,1.95,0.0
London Normal Year,Normal,17.1,5.8,12.01,0.4,11.1,75.83,2.49,0.01
London Normal Year,Normal,17.6,8.9,12.94,0.2,14.1,72.04,2.01,0.0
London Normal Year,Normal,17.0,7.7,12.01,1.1,15.9,75.42,2.08,0.0
London Normal Year,Normal,18.6,6.7,12.94,0.1,22.9,69.71,1.82,0.0
London Normal Year,Normal,18.0,7.3,13.05,0.0,25.0,70.46,1.87,0.0
London Normal Year,Normal,19.2,9.2,14.1,0.0,24.2,68.67,1.6,0.0
London Normal Year,Normal,16.9,8.4,12.88,0.0,16.7,68.96,1.7,0.0
London Normal Year,Normal,20.8,7.4,14.45,0.0,14.9,72.17,1.61,0.0
London Normal Year,Normal,18.0,8.2,13.36,0.0,16.6,73.88,1.68,0.0
London Normal Year,Normal,17.7,7.8,12.51,0.0,20.9,70.62,1.73,0.0
London Normal Year,Normal,19.0,7.4,12.93,0.0,18.2,74.08,1.53,0.0
London Normal Year,Normal,20.9,6.2,14.07,0.0,25.3,65.58,1.81,0.0
London Normal Year,Normal,16.9,7.8,12.36,0.0,26.6,66.17,1.98,0.0
London Normal Year,Normal,16.6,8.1,12.85,0.0,27.1,70.08,1.99,0.0
London Normal Year,Normal,18.6,10.8,13.92,0.0,23.9,73.96,1.71,0.0
London Normal Year,Normal,18.0,10.1,13.43,0.0,23.0,70.71,1.72,0.0
London Normal Year,Normal,17.8,10.1,13.11,0.0,22.7,64.54,1.7,0.0
London Normal Year,Normal,21.4,7.4,14.7,0.0,21.9,67.79,1.6,0.0
London Normal Year,Normal,21.0,8.4,14.85,0.0,18.5,68.71,1.42,0.0
London Normal Year,Normal,18.0,7.9,13.1,0.0,20.4,70.75,1.71,0.0
London Normal Year,Normal,16.5,10.4,13.09,0.1,21.9,69.12,1.84,0.0
London Normal Year,Normal,20.4,8.4,14.29,0.0,19.7,72.75,1.48,0.0
London Normal Year,Normal,21.1,8.5,14.87,0.0,21.9,70.88,1.43,0.0
London Normal Year,Normal,23.9,10.8,17.73,0.0,22.9,69.92,1.5,0.0
London Normal Year,Normal,28.4,14.1,21.43,0.0,19.5,63.5,1.42,0.0
London Normal Year,Normal,29.9,15.4,22.35,0.0,11.5,64.75,1.94,0.0
London Normal Year,Normal,26.9,15.9,21.29,5.7,13.3,75.0,2.55,0.01
London Normal Year,Normal,27.0,13.1,19.86,0.0,24.4,58.08,1.62,0.0
London Normal Year,Normal,26.7,10.8,18.97,0.0,18.8,60.83,1.56,0.0
London Normal Year,Normal,25.9,11.6,19.18,0.0,17.3,64.42,1.45,0.0
London Normal Year,Normal,25.5,11.9,19.23,0.0,17.4,60.12,1.34,0.0
London Normal Year,Normal,24.0,12.2,18.63,2.1,13.8,69.17,1.78,0.0
London Normal Year,Normal,24.5,15.2,19.0,16.9,18.9,81.12,3.26,0.01
London Normal Year,Normal,22.9,14.1,18.57,0.9,21.6,76.79,1.35,0.0
London Normal Year,Normal,22.5,14.8,19.03,5.9,24.3,80.21,2.19,0.0
London Normal Year,Normal,23.5,14.8,19.33,1.0,16.5,73.21,1.37,0.0
London Normal Year,Normal,26.4,13.3,20.17,0.0,15.8,69.88,1.28,0.0
London Normal Year,Normal,25.7,14.6,20.53,0.0,17.9,68.71,1.24,0.0
London Normal Year,Normal,26.3,14.9,21.25,0.2,14.4,72.33,1.48,0.0
London Normal Year,Normal,29.0,14.9,22.36,0.1,27.8,61.38,1.81,0.0
London Normal Year,Normal,22.4,13.6,18.41,0.0,23.5,57.58,1.4,0.0
London Normal Year,Normal,21.9,14.1,18.57,0.0,20.5,65.42,1.2,0.0
London Normal Year,Normal,24.3,16.6,20.27,0.5,15.5,75.04,1.32,0.0
London Normal Year,Normal,22.0,15.7,18.5,5.5,15.7,70.58,2.29,0.01
London Normal Year,Normal,18.6,11.4,16.36,0.6,33.2,75.12,2.37,0.01
London Normal Year,Normal,21.6,15.9,19.04,0.2,24.4,65.08,1.66,0.0
London Normal Year,Normal,19.7,11.9,16.41,0.0,27.7,59.21,1.61,0.0
London Normal Year,Normal,19.4,11.6,15.66,0.7,33.5,64.46,2.42,0.01
London Normal Year,Normal,18.8,13.0,15.04,14.8,18.4,77.67,3.57,0.02
London Normal Year,Normal,19.3,10.7,15.41,4.4,23.8,69.25,2.3,0.01
London Normal Year,Normal,20.8,10.8,16.22,0.0,20.3,66.83,1.31,0.0
London Normal Year,Normal,27.8,11.2,20.52,0.0,17.9,58.46,1.46,0.0
London Normal Year,Normal,24.4,18.4,21.45,12.6,20.9,72.5,2.8,0.01
London Normal Year,Normal,22.5,15.3,18.6,4.9,22.1,75.83,1.96,0.0
London Normal Year,Normal,22.9,12.9,18.72,0.0,29.6,70.54,1.61,0.0
London Normal Year,Normal,22.6,16.0,19.17,4.0,27.5,71.92,2.19,0.0
London Normal Year,Normal,21.0,13.5,17.48,1.0,26.1,70.71,1.73,0.0
London Normal Year,Normal,21.3,12.9,17.56,0.5,22.1,69.5,1.37,0.0
London Normal Year,Normal,19.6,13.6,16.84,7.8,31.5,84.62,3.17,0.01
London Normal Year,Normal,19.6,14.8,16.97,1.4,43.9,75.58,4.12,0.03
London Normal Year,Normal,20.4,14.1,16.91,0.0,31.8,65.79,2.12,0.0
London Normal Year,Normal,21.1,12.2,16.78,0.6,22.5,70.04,1.44,0.0
London Normal Year,Normal,21.9,11.2,17.13,0.1,18.4,68.88,1.28,0.0
London Normal Year,Normal,22.5,13.9,17.91,0.4,20.0,69.29,1.19,0.0
London Normal Year,Normal,22.2,11.6,17.34,0.1,14.2,64.88,1.49,0.0
London Normal Year,Normal,19.9,11.6,16.43,0.1,17.7,64.5,1.47,0.0
London Normal Year,Normal,18.5,12.7,15.36,10.7,31.4,84.08,3.58,0.02
London Normal Year,Normal,22.5,15.2,18.77,0.9,30.1,75.92,1.88,0.0
London Normal Year,Normal,17.5,13.4,15.64,2.3,19.6,81.25,2.04,0.0
London Normal Year,Normal,19.8,12.0,15.63,0.7,17.6,70.46,1.52,0.0
London Normal Year,Normal,21.1,9.4,15.83,10.0,22.1,74.54,2.81,0.01
London Normal Year,Normal,21.5,16.2,19.07,5.1,27.4,85.54,2.39,0.01
London Normal Year,Normal,22.5,15.9,18.58,0.2,20.9,78.67,1.3,0.0
London Normal Year,Normal,21.8,14.6,18.24,0.7,26.1,71.29,1.71,0.0
London Normal Year,Normal,20.9,14.2,17.0,3.2,30.4,77.62,2.34,0.01
London Normal Year,Normal,20.9,14.9,17.96,2.6,27.9,80.96,2.03,0.0
London Normal Year,Normal,21.9,13.8,17.59,2.0,24.9,71.71,1.95,0.0
London Normal Year,Normal,19.4,14.7,17.24,16.8,32.3,83.21,4.35,0.04
London Normal Year,Normal,21.0,13.8,16.84,0.1,18.9,73.12,1.31,0.0
London Normal Year,Normal,19.4,12.8,16.54,0.4,16.9,75.75,1.53,0.0
London Normal Year,Normal,18.5,13.2,15.07,18.2,29.9,82.46,4.18,0.03
London Normal Year,Normal,18.5,10.5,14.73,0.9,24.5,72.29,1.83,0.0
London Normal Year,Normal,20.2,10.4,15.52,0.0,18.4,70.92,1.35,0.0
London Normal Year,Normal,17.5,10.9,14.87,2.4,23.2,87.33,2.29,0.01
London Normal Year,Normal,24.0,10.8,17.5,0.0,11.1,75.33,1.85,0.0
London Normal Year,Normal,25.6,12.6,19.54,0.0,16.6,76.0,1.3,0.0
London Normal Year,Normal,24.0,16.0,20.04,0.6,22.5,79.08,1.32,0.0
London Normal Year,Normal,21.0,13.9,17.72,0.5,32.6,77.12,2.18,0.0
London Normal Year,Normal,21.9,15.1,17.99,0.3,25.8,74.67,1.59,0.0
London Normal Year,Normal,21.6,15.1,18.13,3.8,31.5,81.83,2.48,0.01
London Normal Year,Normal,22.1,12.4,17.86,0.2,17.3,74.42,1.28,0.0
London Normal Year,Normal,24.6,12.6,18.31,0.2,16.2,73.62,1.27,0.0
London Normal Year,Normal,23.0,14.9,18.55,0.1,23.4,78.08,1.31,0.0
London Normal Year,Normal,24.8,16.0,19.87,4.2,22.3,83.08,1.82,0.0
London Normal Year,Normal,23.3,15.6,19.94,0.2,27.8,75.88,1.59,0.0
London Normal Year,Normal,24.0,14.9,18.9,0.4,19.1,76.67,1.17,0.0
London Normal Year,Normal,24.8,13.3,18.29,0.0,20.7,77.29,1.23,0.0
London Normal Year,Normal,24.4,14.5,19.18,0.0,18.6,74.04,1.16,0.0
London Normal Year,Normal,25.5,12.4,19.3,0.0,7.6,73.38,2.46,0.01
London Normal Year,Normal,25.1,15.4,19.95,1.3,14.0,75.29,1.57,0.0
London Normal Year,Normal,20.1,13.3,16.65,0.1,18.5,64.62,1.44,0.0
London Normal Year,Normal,19.4,11.4,15.12,1.2,17.2,78.21,1.67,0.0
London Normal Year,Normal,19.6,10.3,15.17,0.2,20.3,73.96,1.5,0.0
London Normal Year,Normal,20.5,10.7,15.55,0.2,15.5,72.92,1.45,0.0
London Normal Year,Normal,20.4,10.6,15.58,0.0,17.4,73.83,1.42,0.0
London Normal Year,Normal,19.6,10.9,15.62,0.3,21.0,66.92,1.53,0.0
London Normal Year,Normal,18.1,10.1,14.12,1.3,14.6,82.92,2.14,0.0
London Normal Year,Normal,22.0,13.9,17.69,1.4,8.5,86.04,2.65,0.01
London Normal Year,Normal,23.2,15.3,18.54,0.4,15.6,83.0,1.3,0.0
London Normal Year,Normal,24.7,12.9,18.55,0.0,12.4,80.46,1.67,0.0
London Normal Year,Normal,27.4,15.1,20.03,0.0,18.9,75.62,1.17,0.0
London Normal Year,Normal,27.7,15.8,20.76,0.0,16.9,73.29,1.15,0.0
London Normal Year,Normal,29.8,14.8,21.95,0.0,10.5,74.79,2.21,0.01
London Normal Year,Normal,29.9,17.2,22.85,0.0,13.7,71.92,1.56,0.0
London Normal Year,Normal,29.5,17.9,23.43,0.0,8.6,66.5,2.46,0.01
London Normal Year,Normal,31.4,17.5,24.12,0.0,7.6,67.67,2.64,0.01
London Normal Year,Normal,30.7,18.1,23.08,1.6,20.9,73.08,1.48,0.0
London Normal Year,Normal,24.9,17.0,20.8,0.0,18.6,74.46,1.21,0.0
London Normal Year,Normal,23.0,16.2,18.81,2.9,18.4,81.04,1.69,0.0
London Normal Year,Normal,19.8,12.1,16.13,0.1,19.5,73.33,1.41,0.0
London Normal Year,Normal,22.2,12.1,17.03,0.0,12.8,74.08,1.57,0.0
London Normal Year,Normal,24.9,10.8,17.48,0.0,13.5,75.5,1.78,0.0
London Normal Year,Normal,25.9,12.4,18.73,0.0,17.1,76.92,1.32,0.0
London Normal Year,Normal,21.0,14.9,18.22,4.9,26.3,85.88,2.3,0.01
London Normal Year,Normal,19.0,13.9,16.82,7.2,32.3,76.96,3.16,0.01
London Normal Year,Normal,19.3,13.3,16.76,0.4,45.6,76.38,4.24,0.04
London Normal Year,Normal,20.5,14.5,17.79,27.4,48.5,81.79,6.55,0.28
London Normal Year,Normal,17.6,10.6,13.85,5.4,17.1,84.08,2.71,0.01
London Normal Year,Normal,17.5,8.6,12.44,1.5,19.1,81.75,1.95,0.0
London Normal Year,Normal,17.1,8.2,12.76,0.0,16.1,72.21,1.71,0.0
London Normal Year,Normal,20.1,12.8,17.04,0.0,30.6,71.46,1.87,0.0
London Normal Year,Normal,21.5,14.0,17.88,0.2,24.7,74.0,1.58,0.0
London Normal Year,Normal,22.3,13.4,17.2,1.8,25.7,81.92,1.89,0.0
London Normal Year,Normal,21.5,13.2,17.41,0.0,28.7,82.25,1.58,0.0
London Normal Year,Normal,19.4,13.4,16.7,0.4,26.4,77.12,1.73,0.0
London Normal Year,Normal,19.0,12.8,16.8,2.1,20.1,75.17,1.76,0.0
London Normal Year,Normal,19.0,10.4,14.73,0.0,19.0,78.71,1.36,0.0
London Normal Year,Normal,22.5,15.4,18.15,0.0,22.4,85.71,1.31,0.0
London Normal Year,Normal,22.5,14.3,17.75,4.1,25.9,88.5,2.14,0.0
London Normal Year,Normal,17.6,12.3,14.62,0.3,25.0,75.67,1.88,0.0
London Normal Year,Normal,17.7,10.6,13.84,0.0,25.1,78.75,1.87,0.0
London Normal Year,Normal,18.5,11.9,14.72,0.2,22.1,75.88,1.58,0.0
London Normal Year,Normal,20.9,13.4,16.49,0.0,24.6,79.42,1.55,0.0
London Normal Year,Normal,22.9,13.7,17.57,0.0,21.9,78.0,1.22,0.0
London Normal Year,Normal,23.2,12.6,16.72,0.0,12.2,78.54,1.64,0.0
London Normal Year,Normal,23.1,12.6,16.7,0.0,11.0,79.42,1.77,0.0
London Normal Year,Normal,21.3,12.3,16.47,0.0,20.6,83.12,1.23,0.0
London Normal Year,Normal,20.5,14.1,17.21,1.5,25.3,83.21,1.72,0.0
London Normal Year,Normal,16.0,13.0,15.03,15.5,16.9,92.71,3.85,0.03
London Normal Year,Normal,20.5,9.8,16.84,13.3,38.3,81.17,4.64,0.05
London Normal Year,Normal,13.3,6.7,9.63,0.3,20.7,75.08,2.06,0.0
London Normal Year,Normal,10.4,4.2,6.81,0.0,14.2,74.29,2.51,0.01
London Normal Year,Normal,11.9,2.3,7.74,0.0,19.1,81.88,1.96,0.0
London Normal Year,Normal,14.4,9.9,11.68,0.0,27.8,67.88,2.2,0.0
London Normal Year,Normal,16.6,10.1,12.95,7.3,33.2,85.29,3.38,0.02
London Normal Year,Normal,17.7,14.3,15.68,7.3,28.7,88.67,3.02,0.01
London Normal Year,Normal,16.0,11.9,14.05,9.9,17.9,90.04,3.31,0.01
London Normal Year,Normal,16.1,8.9,12.66,3.4,21.8,87.58,2.51,0.01
London Normal Year,Normal,15.1,6.7,9.9,0.0,12.7,84.08,2.34,0.01
London Normal Year,Normal,14.9,6.8,10.93,0.8,16.3,88.0,2.04,0.0
London Normal Year,Normal,14.1,7.2,10.29,3.2,17.4,88.25,2.68,0.01
London Normal Year,Normal,13.8,7.9,10.22,0.8,16.2,89.46,2.11,0.0
London Normal Year,Normal,15.6,7.2,11.12,2.6,18.2,88.58,2.24,0.01
London Normal Year,Normal,14.2,7.1,10.03,1.7,17.8,89.83,2.21,0.0
London Normal Year,Normal,15.2,8.9,11.82,10.6,26.1,85.79,3.5,0.02
London Normal Year,Normal,12.3,9.1,10.71,5.8,24.7,86.21,3.23,0.01
London Normal Year,Normal,14.4,6.5,10.73,0.8,18.4,86.54,2.07,0.0
London Normal Year,Normal,14.1,6.6,10.0,2.5,15.2,91.46,2.56,0.01
London Normal Year,Normal,13.6,9.5,11.97,11.2,32.0,82.83,4.3,0.04
London Normal Year,Normal,11.6,8.8,10.28,17.9,42.8,85.96,5.95,0.18
London Normal Year,Normal,13.1,6.9,9.36,5.7,27.2,81.38,3.21,0.01
London Normal Year,Normal,12.6,5.0,8.62,5.5,26.5,88.21,3.25,0.01
London Normal Year,Normal,12.6,6.1,8.94,0.1,29.6,83.08,2.36,0.01
London Normal Year,Normal,12.6,6.3,8.8,0.0,25.6,83.33,2.13,0.0
London Normal Year,Normal,11.8,5.3,7.79,0.1,26.0,86.25,2.27,0.01
London Normal Year,Normal,12.9,5.8,9.43,3.3,35.8,89.17,3.65,0.02
London Normal Year,Normal,10.5,5.8,7.95,0.1,23.5,80.17,2.51,0.01
London Normal Year,Normal,9.3,4.1,6.45,1.7,20.3,86.75,2.79,0.01
London Normal Year,Normal,10.1,2.8,5.28,0.0,14.5,89.33,2.49,0.01
London Normal Year,Normal,9.2,3.3,6.99,2.0,12.4,92.67,3.42,0.02
London Normal Year,Normal,14.8,8.6,12.25,12.5,37.6,79.54,4.9,0.07
London Normal Year,Normal,12.3,8.7,10.32,6.1,28.0,85.83,3.42,0.02
London Normal Year,Normal,11.6,4.5,8.47,0.0,27.4,83.62,2.32,0.01
London Normal Year,Normal,7.5,3.5,5.73,3.0,13.8,94.62,4.15,0.03
London Normal Year,Normal,10.2,3.5,6.21,1.3,14.6,89.38,2.89,0.01
London Normal Year,Normal,14.6,8.1,12.26,5.4,26.1,91.29,2.97,0.01
London Normal Year,Normal,13.9,10.2,11.86,0.0,30.4,79.58,2.32,0.01
London Normal Year,Normal,11.8,7.7,9.86,3.0,22.3,84.88,2.67,0.01
London Normal Year,Normal,11.1,5.4,9.18,0.7,21.9,87.04,2.26,0.01
London Normal Year,Normal,9.8,3.0,6.95,0.0,15.7,91.5,2.3,0.01
London Normal Year,Normal,12.1,8.4,10.6,0.2,25.4,84.71,2.44,0.01
London Normal Year,Normal,9.9,2.0,6.5,0.1,25.3,67.67,2.5,0.01
London Normal Year,Normal,5.2,-0.4,1.47,0.0,13.4,82.04,3.89,0.03
London Normal Year,Normal,9.8,-0.9,3.77,4.9,18.0,92.08,4.19,0.04
London Normal Year,Normal,9.6,4.9,7.67,5.1,22.4,91.0,3.53,0.02
London Normal Year,Normal,6.6,0.6,3.59,0.0,19.5,89.67,3.09,0.01
London Normal Year,Normal,4.3,-1.2,1.22,0.0,10.0,90.12,4.56,0.05
London Normal Year,Normal,4.4,-2.8,0.05,0.0,19.1,87.96,3.73,0.02
London Normal Year,Normal,4.1,-2.7,-0.1,0.0,17.4,88.38,3.95,0.03
London Normal Year,Normal,-0.4,-3.9,-2.36,0.0,13.5,94.92,5.32,0.1
London Normal Year,Normal,7.7,0.6,4.6,7.0,21.1,89.62,4.53,0.05
London Normal Year,Normal,7.8,5.6,6.34,7.8,25.4,90.42,4.41,0.04
London Normal Year,Normal,6.2,2.8,5.17,2.5,18.8,92.46,3.74,0.02
London Normal Year,Normal,4.3,0.8,2.48,0.0,12.7,94.75,3.89,0.03
London Normal Year,Normal,8.8,4.6,6.48,5.7,28.0,87.67,4.01,0.03
London Normal Year,Normal,10.8,5.6,7.85,0.0,21.4,88.75,2.21,0.01
London Normal Year,Normal,13.9,7.3,9.63,7.9,33.6,83.5,3.9,0.03
London Normal Year,Normal,11.7,6.9,9.25,2.1,35.0,80.0,3.39,0.02
London Normal Year,Normal,10.8,4.6,8.3,0.0,38.0,84.04,3.89,0.03
London Normal Year,Normal,11.4,7.1,9.21,7.3,21.3,91.58,3.48,0.02
London Normal Year,Normal,7.9,5.8,7.02,0.5,31.3,87.54,3.59,0.02
London Normal Year,Normal,7.4,1.6,4.5,0.9,15.6,93.12,3.3,0.01
London Normal Year,Normal,8.1,2.5,5.03,0.0,12.9,91.29,3.04,0.01
London Normal Year,Normal,11.2,4.8,8.82,0.0,21.2,93.88,2.04,0.0
London Normal Year,Normal,10.8,6.7,8.89,0.0,30.6,88.33,2.66,0.01
London Normal Year,Normal,11.9,7.7,10.02,0.0,25.0,88.88,2.26,0.01
London Normal Year,Normal,12.2,5.1,9.83,12.7,26.1,90.83,4.13,0.03
London Normal Year,Normal,10.9,4.9,7.85,0.0,27.3,83.5,2.42,0.01
London Normal Year,Normal,13.4,8.2,11.01,0.3,35.3,75.17,3.32,0.02
London Normal Year,Normal,11.1,8.2,9.93,0.3,33.6,74.54,3.32,0.02
London Normal Year,Normal,11.0,7.8,9.47,0.0,30.3,79.46,2.72,0.01
London Normal Year,Normal,13.2,10.6,12.45,1.2,33.8,85.88,3.22,0.01
London Normal Year,Normal,12.9,10.4,12.16,3.2,29.5,87.58,2.92,0.01
London Normal Year,Normal,9.4,4.0,7.03,0.2,23.7,85.33,2.66,0.01
London Normal Year,Normal,11.9,6.7,10.12,6.3,40.2,86.58,4.67,0.06
London Normal Year,Normal,11.6,8.9,10.59,0.4,40.5,77.42,4.12,0.03
London Normal Year,Normal,10.6,5.8,8.5,1.5,28.2,81.25,2.83,0.01
London Normal Year,Normal,11.4,5.1,9.06,3.6,37.0,85.25,4.2,0.04
London Normal Year,Normal,10.2,6.4,8.25,7.6,40.7,80.71,5.16,0.09
Tokyo Normal Year,Normal,10.8,1.1,5.36,0.0,19.4,70.83,2.3,0.01
Tokyo Normal Year,Normal,8.9,-1.1,3.52,0.0,24.5,58.62,2.87,0.01
Tokyo Normal Year,Normal,8.9,0.3,3.97,0.0,23.4,56.21,2.65,0.01
Tokyo Normal Year,Normal,8.6,0.2,3.5,0.0,21.6,55.83,2.76,0.01
Tokyo Normal Year,Normal,9.3,-2.7,2.54,0.0,26.0,56.96,2.98,0.01
Tokyo Normal Year,Normal,8.4,0.9,4.27,0.0,18.2,66.75,2.56,0.01
Tokyo Normal Year,Normal,8.9,-0.7,3.68,0.0,15.7,75.08,2.78,0.01
Tokyo Normal Year,Normal,11.2,0.0,5.46,0.1,17.9,69.04,2.52,0.01
Tokyo Normal Year,Normal,11.6,2.7,6.79,0.5,40.5,67.25,4.21,0.04
Tokyo Normal Year,Normal,8.8,0.2,3.85,0.0,43.1,47.79,4.7,0.06
Tokyo Normal Year,Normal,9.1,-2.0,2.99,0.0,12.6,72.17,3.33,0.02
Tokyo Normal Year,Normal,11.3,-0.3,4.66,0.0,14.1,65.96,2.84,0.01
Tokyo Normal Year,Normal,13.1,4.0,9.75,0.2,36.4,74.79,3.64,0.02
Tokyo Normal Year,Normal,10.9,8.1,9.2,2.7,24.6,85.0,2.86,0.01
Tokyo Normal Year,Normal,11.6,6.4,8.71,4.7,16.5,88.38,3.13,0.01
Tokyo Normal Year,Normal,6.9,-1.0,4.05,7.4,24.9,77.75,4.81,0.06
Tokyo Normal Year,Normal,7.8,1.7,4.73,0.3,16.9,71.21,2.94,0.01
Tokyo Normal Year,Normal,11.6,2.8,6.57,0.1,22.4,70.62,2.1,0.0
Tokyo Normal Year,Normal,7.8,2.0,5.29,0.9,18.6,76.0,3.02,0.01
Tokyo Normal Year,Normal,10.1,1.1,5.73,0.0,37.3,62.92,4.18,0.03
Tokyo Normal Year,Normal,7.4,-0.4,3.12,0.0,34.4,53.04,4.05,0.03
Tokyo Normal Year,Normal,7.2,0.7,3.33,0.0,18.2,66.0,2.96,0.01
Tokyo Normal Year,Normal,5.9,1.4,3.18,3.1,18.3,88.88,4.2,0.04
Tokyo Normal Year,Normal,9.6,-4.9,0.64,2.0,55.1,54.0,7.06,0.39
Tokyo Normal Year,Normal,2.4,-6.1,-2.08,0.0,36.6,40.38,5.75,0.15
Tokyo Normal Year,Normal,7.4,-1.9,1.8,0.0,17.6,66.75,3.34,0.02
Tokyo Normal Year,Normal,4.8,-1.1,1.25,3.9,37.2,68.08,5.56,0.13
Tokyo Normal Year,Normal,7.3,-4.5,0.78,0.0,26.9,53.71,3.94,0.03
Tokyo Normal Year,Normal,6.6,-3.0,1.64,0.0,16.9,69.21,3.63,0.02
Tokyo Normal Year,Normal,9.4,-0.4,3.1,0.0,36.4,54.25,4.15,0.03
Tokyo Normal Year,Normal,7.3,-3.7,2.12,0.5,28.8,59.5,3.87,0.03
Tokyo Normal Year,Normal,12.1,1.4,6.99,0.0,52.0,55.12,6.01,0.18
Tokyo Normal Year,Normal,8.7,1.2,4.35,0.0,41.6,46.42,4.58,0.05
Tokyo Normal Year,Normal,5.8,0.4,2.96,0.0,13.8,63.25,3.65,0.02
Tokyo Normal Year,Normal,10.9,-1.0,4.82,0.0,20.1,76.5,2.75,0.01
Tokyo Normal Year,Normal,10.0,0.3,4.8,0.0,17.8,70.33,2.46,0.01
Tokyo Normal Year,Normal,11.8,3.8,6.84,0.0,17.0,69.0,1.94,0.0
Tokyo Normal Year,Normal,15.3,6.5,9.78,0.0,24.3,72.88,2.07,0.0
Tokyo Normal Year,Normal,10.9,2.5,6.61,1.6,34.4,62.83,3.47,0.02
Tokyo Normal Year,Normal,10.3,0.3,4.2,0.2,37.4,48.62,4.43,0.04
Tokyo Normal Year,Normal,7.1,-0.8,2.6,18.2,49.8,83.17,7.8,0.57
Tokyo Normal Year,Normal,12.9,2.8,7.2,0.0,29.6,70.08,2.4,0.01
Tokyo Normal Year,Normal,16.0,6.3,9.84,0.9,29.7,78.17,2.21,0.01
Tokyo Normal Year,Normal,8.2,2.2,5.75,7.4,26.6,80.21,4.51,0.05
Tokyo Normal Year,Normal,9.1,-0.9,3.19,0.0,36.3,44.96,4.07,0.03
Tokyo Normal Year,Normal,6.6,-3.7,1.21,0.0,38.2,50.38,5.09,0.08
Tokyo Normal Year,Normal,7.2,-2.2,2.81,0.0,16.2,65.42,3.46,0.02
Tokyo Normal Year,Normal,9.8,-1.3,3.84,0.0,15.8,74.33,2.89,0.01
Tokyo Normal Year,Normal,13.2,3.8,8.23,1.0,20.9,74.62,2.29,0.01
Tokyo Normal Year,Normal,17.5,5.3,10.78,1.8,30.3,67.83,2.58,0.01
Tokyo Normal Year,Normal,12.1,-0.5,6.13,1.4,33.6,50.46,3.67,0.02
Tokyo Normal Year,Normal,7.8,-1.6,2.47,0.0,39.8,41.88,4.78,0.06
Tokyo Normal Year,Normal,8.4,1.4,5.05,0.0,16.2,64.08,2.5,0.01
Tokyo Normal Year,Normal,11.6,2.5,6.09,0.0,13.7,73.75,2.45,0.01
Tokyo Normal Year,Normal,11.2,4.3,7.77,4.8,32.5,77.75,3.83,0.02
Tokyo Normal Year,Normal,10.7,0.4,4.91,1.0,42.5,42.83,4.9,0.07
Tokyo Normal Year,Normal,9.5,1.9,5.19,0.0,42.7,42.04,4.43,0.04
Tokyo Normal Year,Normal,13.8,0.6,7.08,0.0,23.0,61.38,2.53,0.01
Tokyo Normal Year,Normal,17.6,5.0,11.33,0.0,42.8,57.71,3.79,0.02
Tokyo Normal Year,Normal,17.9,10.9,14.15,0.3,40.9,58.88,3.59,0.02
Tokyo Normal Year,Normal,17.6,0.6,8.4,1.4,47.3,47.62,5.56,0.13
Tokyo Normal Year,Normal,10.9,2.4,6.84,0.0,21.6,60.08,2.12,0.0
Tokyo Normal Year,Normal,15.9,5.2,9.75,0.0,33.4,45.42,2.7,0.01
Tokyo Normal Year,Normal,12.3,6.4,8.85,7.0,18.5,72.08,3.41,0.02
Tokyo Normal Year,Normal,14.6,3.8,8.98,0.0,15.7,80.92,2.15,0.0
Tokyo Normal Year,Normal,17.5,4.7,10.94,0.0,18.1,65.88,1.89,0.0
Tokyo Normal Year,Normal,19.8,6.8,13.06,0.0,29.5,58.46,1.92,0.0
Tokyo Normal Year,Normal,21.7,13.6,16.6,0.1,37.4,59.04,3.24,0.01
Tokyo Normal Year,Normal,22.5,5.4,14.99,0.0,33.8,44.21,2.88,0.01
Tokyo Normal Year,Normal,20.0,6.2,13.14,0.0,21.3,58.88,1.66,0.0
Tokyo Normal Year,Normal,19.5,12.9,15.35,0.0,38.4,60.54,3.33,0.02
Tokyo Normal Year,Normal,18.5,6.8,11.52,6.4,49.7,61.04,5.58,0.13
Tokyo Normal Year,Normal,12.8,5.6,8.47,0.0,19.1,68.0,1.93,0.0
Tokyo Normal Year,Normal,17.5,6.2,11.81,0.0,20.9,72.08,1.8,0.0
Tokyo Normal Year,Normal,20.5,8.6,14.29,0.0,22.8,67.25,1.45,0.0
Tokyo Normal Year,Normal,15.4,7.9,11.38,21.3,24.3,77.67,4.67,0.06
Tokyo Normal Year,Normal,9.6,4.0,7.42,13.1,28.1,83.71,4.82,0.06
Tokyo Normal Year,Normal,12.9,4.2,9.0,0.0,17.4,66.54,1.99,0.0
Tokyo Normal Year,Normal,17.5,6.9,12.63,0.0,29.6,69.29,2.09,0.0
Tokyo Normal Year,Normal,18.5,10.5,14.38,0.1,20.8,80.58,1.56,0.0
Tokyo Normal Year,Normal,22.4,11.9,16.02,0.0,22.3,82.54,1.25,0.0
Tokyo Normal Year,Normal,19.0,15.8,17.55,23.4,41.3,90.0,6.02,0.19
Tokyo Normal Year,Normal,24.5,10.4,16.54,23.3,31.4,77.12,4.69,0.06
Tokyo Normal Year,Normal,11.2,10.1,10.57,13.8,26.8,88.25,4.31,0.04
Tokyo Normal Year,Normal,12.9,9.6,11.34,17.9,37.7,79.67,5.38,0.11
Tokyo Normal Year,Normal,15.9,8.6,11.94,0.0,29.5,63.96,2.11,0.0
Tokyo Normal Year,Normal,12.2,6.2,9.51,0.7,16.9,78.88,2.22,0.01
Tokyo Normal Year,Normal,16.0,8.6,12.0,6.0,16.6,79.58,2.97,0.01
Tokyo Normal Year,Normal,17.3,7.8,13.0,0.5,17.7,79.62,1.7,0.0
Tokyo Normal Year,Normal,19.3,8.2,13.47,0.0,28.3,76.79,1.78,0.0
Tokyo Normal Year,Normal,21.0,10.9,14.63,4.2,25.0,69.42,2.36,0.01
Tokyo Normal Year,Normal,17.1,7.9,12.1,0.7,28.0,70.08,2.1,0.0
Tokyo Normal Year,Normal,17.1,5.3,10.81,0.0,29.0,68.25,2.14,0.0
Tokyo Normal Year,Normal,18.2,6.8,13.01,0.0,16.3,66.04,1.72,0.0
Tokyo Normal Year,Normal,20.6,14.3,16.72,0.1,40.0,60.12,3.55,0.02
Tokyo Normal Year,Normal,20.7,16.5,18.16,1.0,46.8,72.71,4.71,0.06
Tokyo Normal Year,Normal,22.1,13.8,18.01,8.0,52.1,75.25,6.0,0.18
Tokyo Normal Year,Normal,19.6,4.4,11.7,9.5,37.0,58.25,4.72,0.06
Tokyo Normal Year,Normal,16.7,4.6,10.57,0.0,15.4,51.88,2.01,0.0
Tokyo Normal Year,Normal,19.5,9.5,14.06,0.0,35.6,64.33,2.68,0.01
Tokyo Normal Year,Normal,23.2,15.9,18.44,0.0,46.1,59.42,4.39,0.04
Tokyo Normal Year,Normal,23.3,8.9,16.17,1.1,46.7,60.62,4.7,0.06
Tokyo Normal Year,Normal,19.6,12.9,15.78,0.0,28.9,55.58,1.71,0.0
Tokyo Normal Year,Normal,22.5,14.1,17.6,3.6,33.9,59.08,2.92,0.01
Tokyo Normal Year,Normal,16.2,12.7,13.84,44.3,25.9,89.54,6.16,0.21
Tokyo Normal Year,Normal,21.9,11.2,15.84,0.4,32.2,68.29,2.27,0.01
Tokyo Normal Year,Normal,19.3,6.7,12.39,0.0,33.7,55.5,2.47,0.01
Tokyo Normal Year,Normal,19.0,9.2,13.83,0.5,20.0,76.92,1.49,0.0
Tokyo Normal Year,Normal,23.0,13.6,17.64,0.0,20.8,78.46,1.17,0.0
Tokyo Normal Year,Normal,23.1,15.6,18.9,0.0,31.6,80.33,2.02,0.0
Tokyo Normal Year,Normal,24.6,11.1,18.44,0.0,44.6,59.62,4.1,0.03
Tokyo Normal Year,Normal,17.0,8.4,12.72,0.0,26.5,50.25,1.94,0.0
Tokyo Normal Year,Normal,18.3,9.6,13.33,0.0,34.7,40.62,2.46,0.01
Tokyo Normal Year,Normal,15.6,5.9,11.71,0.0,17.9,41.62,1.9,0.0
Tokyo Normal Year,Normal,19.2,14.1,16.04,6.3,27.1,60.83,2.65,0.01
Tokyo Normal Year,Normal,20.0,10.6,15.49,21.3,41.8,71.08,5.62,0.13
Tokyo Normal Year,Normal,21.0,10.6,16.26,0.0,28.1,64.62,1.57,0.0
Tokyo Normal Year,Normal,21.9,14.2,17.64,0.0,38.7,70.08,3.31,0.01
Tokyo Normal Year,Normal,22.2,17.4,19.63,7.7,49.0,73.33,5.45,0.11
Tokyo Normal Year,Normal,22.6,14.1,18.09,6.2,28.8,84.38,2.48,0.01
Tokyo Normal Year,Normal,20.6,10.4,15.75,0.3,34.8,66.33,2.56,0.01
Tokyo Normal Year,Normal,21.0,8.1,15.39,0.0,40.2,56.75,3.69,0.02
Tokyo Normal Year,Normal,22.4,11.3,17.11,0.0,24.1,72.21,1.53,0.0
Tokyo Normal Year,Normal,24.7,13.0,18.8,0.0,30.8,65.25,1.92,0.0
Tokyo Normal Year,Normal,25.2,18.5,21.07,0.0,53.5,60.04,5.63,0.13
Tokyo Normal Year,Normal,27.5,20.8,23.07,3.0,58.8,63.79,5.87,0.16
Tokyo Normal Year,Normal,22.0,10.8,14.89,69.6,43.4,90.38,8.2,0.67
Tokyo Normal Year,Normal,17.1,7.1,12.03,1.3,37.1,69.62,3.35,0.02
Tokyo Normal Year,Normal,18.4,8.3,13.4,0.0,18.7,67.83,1.55,0.0
Tokyo Normal Year,Normal,21.7,12.1,16.88,0.0,20.4,71.79,1.24,0.0
Tokyo Normal Year,Normal,20.6,10.4,14.97,2.3,22.4,71.08,1.82,0.0
Tokyo Normal Year,Normal,20.3,13.4,17.03,0.0,22.4,72.5,1.37,0.0
Tokyo Normal Year,Normal,18.0,14.5,16.43,2.7,26.3,77.38,2.25,0.01
Tokyo Normal Year,Normal,20.2,14.9,17.04,10.0,27.1,76.46,3.07,0.01
Tokyo Normal Year,Normal,18.6,11.9,15.72,4.1,16.2,85.08,2.37,0.01
Tokyo Normal Year,Normal,25.5,13.1,19.0,0.0,28.2,72.54,1.59,0.0
Tokyo Normal Year,Normal,27.6,17.0,21.84,0.0,24.7,74.71,1.37,0.0
Tokyo Normal Year,Normal,30.5,19.5,23.75,0.0,33.3,66.08,2.39,0.01
Tokyo Normal Year,Normal,22.5,17.2,19.01,15.0,31.7,87.29,4.04,0.03
Tokyo Normal Year,Normal,23.1,14.8,18.61,1.2,25.1,83.25,1.57,0.0
Tokyo Normal Year,Normal,25.0,17.0,20.42,0.0,27.8,85.0,1.44,0.0
Tokyo Normal Year,Normal,27.7,13.6,20.07,5.9,33.1,75.04,3.3,0.01
Tokyo Normal Year,Normal,17.0,11.2,13.91,8.4,33.2,79.62,3.57,0.02
Tokyo Normal Year,Normal,22.2,11.1,16.75,0.0,38.2,67.5,3.25,0.01
Tokyo Normal Year,Normal,22.1,15.7,18.43,0.0,23.3,71.46,1.45,0.0
Tokyo Normal Year,Normal,23.1,13.1,18.55,0.0,29.2,70.88,1.63,0.0
Tokyo Normal Year,Normal,25.2,17.3,20.33,0.0,26.4,72.0,1.42,0.0
Tokyo Normal Year,Normal,23.8,18.0,20.56,8.4,36.5,75.92,3.96,0.03
Tokyo Normal Year,Normal,21.5,17.9,19.46,13.6,13.8,90.5,3.69,0.02
Tokyo Normal Year,Normal,24.5,16.5,20.35,6.1,24.7,82.96,2.18,0.0
Tokyo Normal Year,Normal,20.5,13.8,17.56,0.9,14.1,78.71,1.7,0.0
Tokyo Normal Year,Normal,24.2,19.6,21.12,31.0,38.0,77.71,5.98,0.18
Tokyo Normal Year,Normal,23.5,19.2,21.59,141.2,76.0,89.58,9.71,0.9
Tokyo Normal Year,Normal,22.0,15.6,18.61,8.2,34.5,74.0,3.76,0.02
Tokyo Normal Year,Normal,25.1,16.3,20.58,0.0,28.3,77.75,1.43,0.0
Tokyo Normal Year,Normal,27.5,15.9,21.43,0.0,18.0,74.62,1.15,0.0
Tokyo Normal Year,Normal,23.9,16.6,20.09,7.9,32.7,77.88,3.1,0.01
Tokyo Normal Year,Normal,27.4,18.3,22.47,0.0,17.9,74.96,1.07,0.0
Tokyo Normal Year,Normal,27.0,19.6,22.47,30.5,34.7,79.71,5.39,0.11
Tokyo Normal Year,Normal,24.9,19.6,21.55,4.3,29.1,88.21,2.43,0.01
Tokyo Normal Year,Normal,26.0,19.2,21.47,6.9,23.5,85.21,2.18,0.0
Tokyo Normal Year,Normal,24.3,19.8,21.57,9.5,15.5,87.62,2.52,0.01
Tokyo Normal Year,Normal,23.7,19.2,21.44,11.4,19.8,92.29,2.68,0.01
Tokyo Normal Year,Normal,27.4,20.9,23.45,1.3,21.4,85.75,1.21,0.0
Tokyo Normal Year,Normal,26.8,20.1,22.5,0.9,22.0,85.17,1.24,0.0
Tokyo Normal Year,Normal,24.9,19.1,21.89,11.9,15.0,87.21,2.92,0.01
Tokyo Normal Year,Normal,29.0,18.6,23.43,1.0,36.4,66.92,2.95,0.01
Tokyo Normal Year,Normal,28.9,18.6,23.55,0.0,25.0,73.54,1.46,0.0
Tokyo Normal Year,Normal,28.9,20.0,23.85,0.0,25.8,79.92,1.56,0.0
Tokyo Normal Year,Normal,26.7,18.8,21.95,3.3,25.1,71.79,2.08,0.0
Tokyo Normal Year,Normal,25.7,18.0,21.61,0.0,19.0,73.75,1.13,0.0
Tokyo Normal Year,Normal,25.4,19.7,22.17,0.3,20.7,70.33,1.19,0.0
Tokyo Normal Year,Normal,23.8,14.6,19.01,11.7,22.7,78.25,2.86,0.01
Tokyo Normal Year,Normal,24.9,19.1,22.18,0.1,11.2,83.17,1.97,0.0
Tokyo Normal Year,Normal,27.8,19.5,23.76,0.2,17.0,80.25,1.25,0.0
Tokyo Normal Year,Normal,29.4,21.2,24.62,0.1,19.8,79.96,1.12,0.0
Tokyo Normal Year,Normal,29.5,22.5,25.12,0.8,23.5,79.08,1.22,0.0
Tokyo Normal Year,Normal,28.5,21.6,24.56,1.8,18.8,83.92,1.34,0.0
Tokyo Normal Year,Normal,30.9,21.5,26.23,1.0,17.2,79.42,1.23,0.0
Tokyo Normal Year,Normal,32.0,23.0,27.15,0.0,11.9,78.08,1.68,0.0
Tokyo Normal Year,Normal,29.9,24.3,26.34,14.3,33.1,81.83,3.49,0.02
Tokyo Normal Year,Normal,27.8,22.4,25.02,26.8,21.3,87.75,3.76,0.02
Tokyo Normal Year,Normal,30.2,21.3,25.31,0.0,22.2,76.88,1.13,0.0
Tokyo Normal Year,Normal,29.9,20.8,25.14,0.1,24.3,78.71,1.35,0.0
Tokyo Normal Year,Normal,29.2,21.8,24.67,3.5,16.2,78.54,1.52,0.0
Tokyo Normal Year,Normal,27.9,23.0,25.13,10.6,31.6,78.71,3.12,0.01
Tokyo Normal Year,Normal,32.2,22.4,26.31,0.3,25.7,80.21,1.67,0.0
Tokyo Normal Year,Normal,32.5,24.4,27.07,1.0,32.5,77.17,2.36,0.01
Tokyo Normal Year,Normal,31.9,22.7,26.9,1.5,34.1,81.79,2.71,0.01
Tokyo Normal Year,Normal,31.8,24.5,27.82,2.9,23.7,82.58,1.81,0.0
Tokyo Normal Year,Normal,34.8,24.5,29.39,0.0,23.2,73.75,1.74,0.0
Tokyo Normal Year,Normal,33.5,24.1,29.0,0.0,17.9,71.5,1.53,0.0
Tokyo Normal Year,Normal,36.9,25.7,30.28,0.6,24.9,64.33,2.49,0.01
Tokyo Normal Year,Normal,30.6,23.8,27.2,4.0,23.5,74.38,1.61,0.0
Tokyo Normal Year,Normal,31.9,25.0,27.85,0.1,16.8,75.08,1.48,0.0
Tokyo Normal Year,Normal,32.3,24.8,28.06,0.0,27.7,74.75,1.6,0.0
Tokyo Normal Year,Normal,37.5,26.4,31.62,0.0,18.3,62.54,2.64,0.01
Tokyo Normal Year,Normal,37.3,26.5,32.08,0.0,24.1,54.92,2.57,0.01
Tokyo Normal Year,Normal,39.2,26.5,31.8,1.0,20.2,56.58,3.32,0.02
Tokyo Normal Year,Normal,35.5,25.0,29.83,1.7,37.1,64.62,4.1,0.03
Tokyo Normal Year,Normal,32.5,23.8,27.57,4.1,20.5,66.92,1.66,0.0
Tokyo Normal Year,Normal,31.9,22.3,27.07,0.5,18.7,67.12,1.3,0.0
Tokyo Normal Year,Normal,33.2,22.5,27.4,0.8,22.1,65.75,1.53,0.0
Tokyo Normal Year,Normal,34.4,22.4,27.8,0.0,25.4,63.5,1.87,0.0
Tokyo Normal Year,Normal,35.9,22.6,28.64,0.0,32.1,65.62,3.08,0.01
Tokyo Normal Year,Normal,37.5,24.9,30.6,0.0,25.8,58.04,2.6,0.01
Tokyo Normal Year,Normal,39.3,25.6,31.23,0.0,30.8,58.96,3.49,0.02
Tokyo Normal Year,Normal,37.1,25.8,30.6,0.0,30.9,62.42,3.06,0.01
Tokyo Normal Year,Normal,35.2,25.6,30.04,0.5,31.3,60.71,2.84,0.01
Tokyo Normal Year,Normal,36.0,25.1,29.93,0.0,35.5,62.83,3.75,0.02
Tokyo Normal Year,Normal,37.5,26.2,31.07,0.0,38.2,63.17,4.52,0.05
Tokyo Normal Year,Normal,36.2,25.5,30.35,3.3,41.2,63.04,4.97,0.07
Tokyo Normal Year,Normal,31.2,24.6,27.65,1.2,21.0,76.96,1.33,0.0
Tokyo Normal Year,Normal,35.6,25.9,29.82,1.9,41.1,65.79,4.75,0.06
Tokyo Normal Year,Normal,35.8,26.0,30.29,2.9,32.6,63.38,3.53,0.02
Tokyo Normal Year,Normal,37.3,26.5,31.64,2.7,20.2,59.92,3.1,0.01
Tokyo Normal Year,Normal,35.5,26.5,30.37,0.0,40.4,66.54,4.31,0.04
Tokyo Normal Year,Normal,33.8,25.5,28.79,4.2,33.7,73.04,3.04,0.01
Tokyo Normal Year,Normal,34.2,25.4,29.71,4.3,26.7,68.75,2.59,0.01
Tokyo Normal Year,Normal,35.3,25.4,29.76,14.0,23.9,70.54,3.81,0.02
Tokyo Normal Year,Normal,29.9,26.0,27.6,20.7,20.0,85.46,3.41,0.02
Tokyo Normal Year,Normal,32.2,24.2,27.88,1.7,23.5,78.0,1.64,0.0
Tokyo Normal Year,Normal,33.0,24.3,28.17,0.6,26.2,77.0,1.73,0.0
Tokyo Normal Year,Normal,33.7,25.0,28.67,1.8,22.4,75.96,1.95,0.0
Tokyo Normal Year,Normal,33.1,24.8,28.04,7.0,23.2,81.58,2.35,0.01
Tokyo Normal Year,Normal,31.7,24.5,27.63,41.7,24.3,83.33,5.55,0.13
Tokyo Normal Year,Normal,31.9,25.3,27.78,4.3,32.5,81.12,2.6,0.01
Tokyo Normal Year,Normal,31.0,25.3,27.89,0.0,41.1,82.42,3.68,0.02
Tokyo Normal Year,Normal,32.7,25.1,28.6,0.2,28.5,80.71,1.93,0.0
Tokyo Normal Year,Normal,32.7,25.5,28.74,0.2,24.1,82.0,1.64,0.0
Tokyo Normal Year,Normal,34.5,25.2,29.2,0.6,16.6,76.21,1.91,0.0
Tokyo Normal Year,Normal,34.8,25.4,29.4,0.2,19.0,75.54,1.88,0.0
Tokyo Normal Year,Normal,35.0,25.3,29.82,2.5,22.2,72.96,2.37,0.01
Tokyo Normal Year,Normal,32.4,25.5,28.24,7.5,18.6,79.79,2.4,0.01
Tokyo Normal Year,Normal,32.0,25.5,28.07,5.2,29.6,82.62,2.44,0.01
Tokyo Normal Year,Normal,32.0,25.5,28.46,0.1,33.7,79.46,2.39,0.01
Tokyo Normal Year,Normal,33.3,24.8,28.65,0.2,25.0,76.21,1.77,0.0
Tokyo Normal Year,Normal,34.0,23.6,26.67,10.8,23.0,81.38,3.06,0.01
Tokyo Normal Year,Normal,31.7,24.7,27.69,3.2,17.3,76.58,1.63,0.0
Tokyo Normal Year,Normal,33.6,24.5,28.66,0.0,22.9,74.92,1.56,0.0
Tokyo Normal Year,Normal,34.2,23.5,28.47,0.0,31.9,72.96,2.55,0.01
Tokyo Normal Year,Normal,34.3,25.8,29.38,0.0,31.6,72.0,2.64,0.01
Tokyo Normal Year,Normal,34.0,25.3,29.18,0.0,33.6,66.92,2.72,0.01
Tokyo Normal Year,Normal,34.0,25.0,29.16,0.0,36.2,67.88,3.37,0.02
Tokyo Normal Year,Normal,35.5,25.2,29.78,0.1,27.8,68.29,2.26,0.01
Tokyo Normal Year,Normal,35.2,24.2,28.82,41.8,27.1,71.17,6.2,0.21
Tokyo Normal Year,Normal,29.6,25.0,27.06,5.3,29.5,85.54,2.39,0.01
Tokyo Normal Year,Normal,32.0,25.5,28.25,0.0,32.0,80.0,2.25,0.01
Tokyo Normal Year,Normal,31.8,23.6,26.54,2.0,27.8,80.79,1.91,0.0
Tokyo Normal Year,Normal,29.9,23.2,25.97,49.4,32.6,79.0,6.11,0.2
Tokyo Normal Year,Normal,23.8,21.2,22.57,29.6,39.6,88.62,5.68,0.14
Tokyo Normal Year,Normal,29.0,23.3,25.72,0.4,27.9,86.12,1.57,0.0
Tokyo Normal Year,Normal,31.2,24.5,27.35,0.1,24.5,83.12,1.39,0.0
Tokyo Normal Year,Normal,31.0,24.5,27.2,0.4,19.4,79.67,1.18,0.0
Tokyo Normal Year,Normal,30.0,21.8,25.77,0.0,18.0,80.75,1.04,0.0
Tokyo Normal Year,Normal,31.5,23.9,26.97,0.0,20.6,78.25,1.06,0.0
Tokyo Normal Year,Normal,31.2,24.6,27.49,0.0,24.6,81.38,1.39,0.0
Tokyo Normal Year,Normal,33.0,24.9,27.65,4.2,14.8,82.46,2.25,0.01
Tokyo Normal Year,Normal,31.5,24.7,27.65,0.8,18.7,82.92,1.36,0.0
Tokyo Normal Year,Normal,32.0,24.9,27.89,0.2,30.2,78.21,2.07,0.0
Tokyo Normal Year,Normal,31.8,23.0,27.39,0.0,34.0,76.08,2.64,0.01
Tokyo Normal Year,Normal,32.3,23.9,27.58,0.1,22.7,76.29,1.3,0.0
Tokyo Normal Year,Normal,32.3,22.6,26.32,15.8,16.0,81.29,3.21,0.01
Tokyo Normal Year,Normal,28.9,24.2,26.62,3.9,45.9,81.17,4.42,0.04
Tokyo Normal Year,Normal,30.4,21.8,24.62,42.2,25.9,83.17,5.56,0.13
Tokyo Normal Year,Normal,25.2,19.5,21.98,1.9,21.7,79.54,1.59,0.0
Tokyo Normal Year,Normal,25.5,16.5,20.51,0.0,24.7,74.33,1.39,0.0
Tokyo Normal Year,Normal,26.4,18.6,21.72,0.0,18.9,78.38,1.11,0.0
Tokyo Normal Year,Normal,28.1,21.0,23.84,0.0,11.8,81.04,1.49,0.0
Tokyo Normal Year,Normal,28.5,21.5,24.54,0.0,21.5,84.67,1.12,0.0
Tokyo Normal Year,Normal,31.0,23.5,26.75,0.6,20.2,79.67,1.09,0.0
Tokyo Normal Year,Normal,28.5,20.4,24.18,9.6,19.5,79.83,2.07,0.0
Tokyo Normal Year,Normal,27.6,21.3,24.59,0.0,18.4,81.42,1.1,0.0
Tokyo Normal Year,Normal,28.2,20.0,23.39,0.2,26.1,79.25,1.6,0.0
Tokyo Normal Year,Normal,26.8,15.9,21.68,0.0,23.8,58.08,1.33,0.0
Tokyo Normal Year,Normal,25.9,17.5,21.84,13.7,20.8,68.08,2.98,0.01
Tokyo Normal Year,Normal,21.1,16.7,18.62,4.5,20.3,89.29,2.12,0.0
Tokyo Normal Year,Normal,23.6,14.6,18.63,0.0,38.0,61.79,3.22,0.01
Tokyo Normal Year,Normal,24.9,14.5,19.05,0.0,36.1,47.88,3.01,0.01
Tokyo Normal Year,Normal,23.5,12.9,17.59,0.0,30.2,57.67,1.75,0.0
Tokyo Normal Year,Normal,21.6,14.5,17.05,6.2,27.7,72.29,2.48,0.01
Tokyo Normal Year,Normal,18.0,14.3,16.73,23.1,31.3,87.92,4.72,0.06
Tokyo Normal Year,Normal,24.7,15.7,19.71,2.0,30.5,71.54,2.05,0.0
Tokyo Normal Year,Normal,22.8,12.9,17.87,0.0,25.7,71.33,1.5,0.0
Tokyo Normal Year,Normal,22.4,13.6,17.55,0.0,19.6,74.0,1.15,0.0
Tokyo Normal Year,Normal,21.9,10.4,15.92,0.0,18.2,67.83,1.22,0.0
Tokyo Normal Year,Normal,21.4,14.7,17.7,21.7,19.9,78.38,3.88,0.03
Tokyo Normal Year,Normal,18.5,11.8,14.56,25.8,35.3,87.88,5.29,0.1
Tokyo Normal Year,Normal,24.5,13.8,18.82,0.0,18.1,71.08,1.18,0.0
Tokyo Normal Year,Normal,23.6,12.4,17.3,0.0,22.1,63.58,1.19,0.0
Tokyo Normal Year,Normal,23.4,12.5,17.83,0.0,15.2,78.62,1.25,0.0
Tokyo Normal Year,Normal,24.2,13.9,18.74,0.0,20.5,74.67,1.19,0.0
Tokyo Normal Year,Normal,25.4,14.7,20.13,0.0,46.5,66.04,4.51,0.05
Tokyo Normal Year,Normal,21.7,9.4,15.11,0.0,33.8,54.75,2.36,0.01
Tokyo Normal Year,Normal,18.7,9.5,14.16,0.0,21.4,68.46,1.49,0.0
Tokyo Normal Year,Normal,20.7,11.6,15.64,0.0,14.8,71.67,1.38,0.0
Tokyo Normal Year,Normal,22.4,13.1,17.28,0.0,16.3,77.33,1.16,0.0
Tokyo Normal Year,Normal,21.9,11.5,16.57,0.2,16.5,76.58,1.28,0.0
Tokyo Normal Year,Normal,23.2,10.9,16.56,0.0,15.8,69.17,1.39,0.0
Tokyo Normal Year,Normal,22.5,12.4,16.67,0.0,18.7,76.0,1.13,0.0
Tokyo Normal Year,Normal,20.9,13.5,16.43,1.6,26.7,71.88,1.92,0.0
Tokyo Normal Year,Normal,19.6,11.5,15.62,0.0,27.4,56.33,1.66,0.0
Tokyo Normal Year,Normal,20.9,11.1,15.97,0.0,16.2,73.17,1.28,0.0
Tokyo Normal Year,Normal,21.4,11.5,16.43,0.0,15.6,79.96,1.26,0.0
Tokyo Normal Year,Normal,22.4,10.9,16.47,0.0,17.5,75.42,1.34,0.0
Tokyo Normal Year,Normal,24.4,11.6,17.4,0.0,10.3,73.75,1.83,0.0
Tokyo Normal Year,Normal,24.0,11.9,17.53,0.0,18.8,79.88,1.22,0.0
Tokyo Normal Year,Normal,25.6,15.6,19.79,0.4,19.6,77.12,1.22,0.0
Tokyo Normal Year,Normal,24.4,15.2,18.93,2.0,19.4,82.96,1.38,0.0
Tokyo Normal Year,Normal,25.2,21.5,23.0,3.0,61.6,75.54,5.98,0.18
Tokyo Normal Year,Normal,25.6,13.6,19.09,1.3,51.5,67.08,5.55,0.12
Tokyo Normal Year,Normal,20.8,10.7,15.27,0.0,18.7,70.08,1.22,0.0
Tokyo Normal Year,Normal,20.6,11.1,15.51,0.0,12.1,74.62,1.75,0.0
Tokyo Normal Year,Normal,18.3,11.0,14.99,15.5,45.7,76.67,5.65,0.14
Tokyo Normal Year,Normal,14.6,7.9,11.12,0.4,37.9,61.29,3.63,0.02
Tokyo Normal Year,Normal,10.9,7.8,9.21,1.3,24.3,77.12,2.66,0.01
Tokyo Normal Year,Normal,14.1,4.1,8.68,0.4,32.4,53.33,2.76,0.01
Tokyo Normal Year,Normal,17.0,8.4,11.9,0.1,20.5,60.46,1.79,0.0
Tokyo Normal Year,Normal,13.8,6.3,9.84,0.2,15.0,82.33,2.25,0.01
Tokyo Normal Year,Normal,17.1,10.4,12.81,14.1,15.0,78.17,4.0,0.03
Tokyo Normal Year,Normal,13.1,9.3,11.1,18.0,36.4,81.62,5.25,0.1
Tokyo Normal Year,Normal,16.1,4.2,8.8,0.0,27.8,60.17,2.26,0.01
Tokyo Normal Year,Normal,18.2,5.2,11.42,0.0,13.0,73.33,2.16,0.0
Tokyo Normal Year,Normal,16.5,4.2,9.75,0.0,36.9,61.58,3.51,0.02
Tokyo Normal Year,Normal,16.0,5.6,9.94,0.0,14.2,76.21,2.1,0.0
Tokyo Normal Year,Normal,18.2,8.8,12.83,0.0,12.9,79.38,2.07,0.0
Tokyo Normal Year,Normal,20.3,8.1,13.55,0.0,19.9,78.04,1.54,0.0
Tokyo Normal Year,Normal,21.7,5.9,13.32,0.0,44.9,56.08,4.26,0.04
Tokyo Normal Year,Normal,12.2,5.2,8.16,0.2,35.4,57.83,3.37,0.02
Tokyo Normal Year,Normal,8.4,4.6,6.76,1.2,17.7,86.42,2.86,0.01
Tokyo Normal Year,Normal,14.1,6.7,10.65,0.1,16.5,85.12,2.05,0.0
Tokyo Normal Year,Normal,20.6,4.5,11.36,0.3,26.1,65.96,2.21,0.01
Tokyo Normal Year,Normal,15.6,5.6,10.28,0.0,17.6,61.21,1.94,0.0
Tokyo Normal Year,Normal,15.4,4.3,8.7,0.0,29.6,53.58,2.29,0.01
Tokyo Normal Year,Normal,11.4,1.4,6.33,0.0,21.1,68.12,2.17,0.0
Tokyo Normal Year,Normal,12.1,1.0,6.01,0.0,16.6,68.92,2.29,0.01
Tokyo Normal Year,Normal,14.7,4.9,8.47,0.0,32.7,54.92,2.77,0.01
Tokyo Normal Year,Normal,13.3,2.0,7.26,0.0,22.7,61.62,2.12,0.0
Tokyo Normal Year,Normal,11.1,5.9,8.53,2.8,20.5,68.5,2.75,0.01
Tokyo Normal Year,Normal,16.3,4.4,11.08,0.0,19.1,77.71,1.94,0.0
Tokyo Normal Year,Normal,19.5,4.9,11.04,0.0,45.0,50.88,4.19,0.04
Tokyo Normal Year,Normal,17.0,4.4,10.68,0.0,17.7,66.33,1.92,0.0
Tokyo Normal Year,Normal,16.4,4.8,10.32,0.0,11.3,72.12,2.54,0.01
Tokyo Normal Year,Normal,19.0,9.0,12.92,0.0,20.4,67.04,1.42,0.0
Tokyo Normal Year,Normal,16.5,10.0,12.4,14.3,22.8,82.58,3.79,0.02
Tokyo Normal Year,Normal,16.5,6.3,11.54,9.3,35.6,72.75,4.1,0.03
Tokyo Normal Year,Normal,13.9,3.8,8.21,0.0,26.5,64.67,2.31,0.01
Tokyo Normal Year,Normal,13.5,6.6,8.93,0.3,18.1,73.88,2.01,0.0
Tokyo Normal Year,Normal,20.4,8.1,13.55,1.2,46.2,84.5,4.65,0.05
Tokyo Normal Year,Normal,20.5,8.2,15.08,0.6,38.2,75.33,3.33,0.02
Tokyo Normal Year,Normal,11.1,0.3,5.44,0.0,48.0,48.25,5.36,0.11
Tokyo Normal Year,Normal,10.3,1.5,4.52,0.0,18.1,60.54,2.29,0.01
Tokyo Normal Year,Normal,9.0,2.2,5.05,0.0,14.6,67.58,2.57,0.01
Tokyo Normal Year,Normal,11.6,-0.1,5.79,0.0,12.8,75.0,2.94,0.01
Tokyo Normal Year,Normal,10.2,-1.4,4.04,0.0,13.1,55.92,3.27,0.01
Tokyo Normal Year,Normal,9.0,-2.1,2.88,0.0,31.2,51.92,3.4,0.02
Tokyo Normal Year,Normal,8.8,-1.5,3.54,0.0,17.7,57.08,2.87,0.01
Tokyo Normal Year,Normal,8.4,-2.2,2.66,0.0,15.5,70.42,3.19,0.01
Tokyo Normal Year,Normal,10.6,0.2,4.97,0.0,18.7,64.08,2.43,0.01
Tokyo Normal Year,Normal,11.6,1.4,6.2,0.0,21.8,68.46,2.17,0.0
Tokyo Normal Year,Normal,12.1,1.5,6.23,0.0,34.4,53.42,3.22,0.01
Tokyo Normal Year,Normal,10.5,-0.6,4.7,0.0,15.3,69.46,2.78,0.01
Tokyo Normal Year,Normal,13.6,2.0,6.85,0.0,18.7,69.12,2.04,0.0
Tokyo Normal Year,Normal,14.1,4.8,8.39,3.1,13.6,65.88,3.23,0.01
Tokyo Normal Year,Normal,12.5,5.2,9.55,1.6,51.3,68.04,5.97,0.18
Singapore Normal,Normal,28.9,23.0,25.62,0.1,16.4,82.62,1.14,0.0
Singapore Normal,Normal,30.2,23.5,26.41,1.1,21.1,81.92,1.12,0.0
Singapore Normal,Normal,29.9,23.5,25.67,8.5,16.9,85.96,1.81,0.0
Singapore Normal,Normal,28.9,23.5,25.71,1.1,21.0,84.25,1.08,0.0
Singapore Normal,Normal,30.0,23.9,25.95,4.6,15.5,85.96,1.54,0.0
Singapore Normal,Normal,29.2,23.1,25.87,2.4,15.1,86.17,1.5,0.0
Singapore Normal,Normal,29.8,23.1,25.68,4.6,16.0,87.83,1.52,0.0
Singapore Normal,Normal,30.2,23.2,26.42,0.5,15.9,84.62,1.13,0.0
Singapore Normal,Normal,29.6,23.1,25.89,4.9,8.3,87.5,2.93,0.01
Singapore Normal,Normal,29.2,23.6,26.17,3.7,8.2,88.42,2.91,0.01
Singapore Normal,Normal,28.5,23.5,25.59,6.8,10.8,89.04,2.15,0.0
Singapore Normal,Normal,30.2,23.4,26.37,2.8,9.5,85.5,2.35,0.01
Singapore Normal,Normal,30.2,23.6,26.23,10.7,10.5,88.33,2.71,0.01
Singapore Normal,Normal,30.0,23.5,26.1,6.6,8.1,86.08,2.86,0.01
Singapore Normal,Normal,28.9,23.1,25.7,3.4,13.9,88.46,1.66,0.0
Singapore Normal,Normal,29.9,22.8,25.78,4.3,15.4,85.17,1.53,0.0
Singapore Normal,Normal,30.6,23.0,26.32,0.3,17.6,78.17,1.12,0.0
Singapore Normal,Normal,28.6,22.6,25.55,5.6,18.5,83.12,1.64,0.0
Singapore Normal,Normal,29.2,23.4,25.53,4.9,19.1,85.25,1.45,0.0
Singapore Normal,Normal,27.5,23.1,25.02,7.8,19.0,88.83,1.79,0.0
Singapore Normal,Normal,29.5,22.9,25.43,7.7,17.3,87.38,1.67,0.0
Singapore Normal,Normal,28.5,23.0,25.04,4.6,15.1,89.46,1.69,0.0
Singapore Normal,Normal,28.7,23.1,24.93,14.7,11.5,90.25,3.17,0.01
Singapore Normal,Normal,24.5,22.9,23.62,44.7,13.1,93.75,5.49,0.12
Singapore Normal,Normal,24.5,22.8,23.45,85.2,11.9,93.92,7.26,0.44
Singapore Normal,Normal,27.5,23.0,24.75,3.6,17.6,88.54,1.47,0.0
Singapore Normal,Normal,29.0,23.1,25.6,0.9,18.5,85.79,1.14,0.0
Singapore Normal,Normal,25.6,22.9,23.95,16.2,17.8,91.54,2.97,0.01
Singapore Normal,Normal,25.3,22.9,23.81,3.9,22.6,89.54,1.76,0.0
Singapore Normal,Normal,26.9,22.8,24.4,7.9,24.0,89.21,2.09,0.0
Singapore Normal,Normal,25.6,22.6,23.9,9.8,17.2,93.67,2.19,0.0
Singapore Normal,Normal,29.1,23.1,25.27,2.1,15.7,88.25,1.39,0.0
Singapore Normal,Normal,29.8,23.2,25.49,11.8,16.9,89.04,2.22,0.01
Singapore Normal,Normal,29.9,23.4,25.76,18.8,12.0,87.88,3.8,0.02
Singapore Normal,Normal,27.2,22.8,24.83,20.5,11.5,91.08,3.97,0.03
Singapore Normal,Normal,29.0,23.5,25.47,12.1,14.1,89.5,2.37,0.01
Singapore Normal,Normal,30.1,23.1,25.78,0.2,16.8,83.04,1.15,0.0
Singapore Normal,Normal,30.6,23.5,26.34,0.0,16.7,84.88,1.02,0.0
Singapore Normal,Normal,29.2,23.6,25.9,3.7,17.0,88.71,1.43,0.0
Singapore Normal,Normal,29.1,23.6,26.15,2.8,12.2,88.12,1.82,0.0
Singapore Normal,Normal,30.0,24.0,25.79,4.0,13.6,88.96,1.79,0.0
Singapore Normal,Normal,29.7,23.3,25.45,10.6,18.8,89.25,2.06,0.0
Singapore Normal,Normal,28.9,23.1,25.39,4.5,10.8,89.62,2.14,0.0
Singapore Normal,Normal,28.8,23.6,25.32,6.6,10.5,89.75,2.18,0.0
Singapore Normal,Normal,28.1,23.2,25.46,3.6,13.3,89.58,1.85,0.0
Singapore Normal,Normal,28.9,22.2,25.16,0.6,18.5,85.29,1.09,0.0
Singapore Normal,Normal,29.5,22.5,25.45,0.3,19.5,82.17,1.07,0.0
Singapore Normal,Normal,29.0,23.1,25.64,2.7,16.8,84.88,1.39,0.0
Singapore Normal,Normal,30.1,23.5,26.38,1.0,18.9,83.75,1.12,0.0
Singapore Normal,Normal,30.1,23.2,26.05,1.7,18.5,86.08,1.27,0.0
Singapore Normal,Normal,29.4,23.5,25.9,0.3,18.7,83.46,1.1,0.0
Singapore Normal,Normal,28.7,23.2,25.85,3.2,20.1,82.08,1.41,0.0
Singapore Normal,Normal,29.5,23.4,26.17,2.3,19.7,81.25,1.29,0.0
Singapore Normal,Normal,29.6,23.7,26.35,0.4,20.3,78.46,1.03,0.0
Singapore Normal,Normal,30.2,22.9,26.24,0.0,22.7,79.96,1.12,0.0
Singapore Normal,Normal,29.7,23.9,26.15,0.8,20.9,78.92,1.09,0.0
Singapore Normal,Normal,29.0,23.0,25.81,0.8,27.7,80.38,1.55,0.0
Singapore Normal,Normal,29.0,23.1,25.63,12.7,24.2,84.0,2.49,0.01
Singapore Normal,Normal,26.2,22.5,24.08,81.0,14.1,92.42,7.04,0.39
Singapore Normal,Normal,24.3,21.8,23.16,37.7,18.0,93.54,4.97,0.07
Singapore Normal,Normal,28.4,22.7,24.35,47.8,17.1,91.88,5.15,0.09
Singapore Normal,Normal,26.4,22.5,24.02,20.5,17.4,92.21,3.43,0.02
Singapore Normal,Normal,25.0,22.4,23.58,15.5,25.8,92.58,3.26,0.01
Singapore Normal,Normal,26.4,21.8,23.63,7.2,18.0,91.62,1.82,0.0
Singapore Normal,Normal,28.4,22.5,25.07,0.6,19.4,85.25,1.08,0.0
Singapore Normal,Normal,28.3,22.9,25.05,13.5,18.4,87.08,2.54,0.01
Singapore Normal,Normal,28.6,23.6,25.5,10.1,15.2,87.5,1.93,0.0
Singapore Normal,Normal,29.0,23.5,25.86,4.2,18.5,85.92,1.43,0.0
Singapore Normal,Normal,28.5,23.5,25.7,6.6,16.4,86.92,1.56,0.0
Singapore Normal,Normal,28.5,22.9,25.75,6.3,16.5,87.04,1.57,0.0
Singapore Normal,Normal,30.1,24.0,26.32,1.8,14.1,83.62,1.56,0.0
Singapore Normal,Normal,29.0,23.5,25.78,0.0,23.4,79.75,1.16,0.0
Singapore Normal,Normal,28.8,22.1,25.49,1.3,20.2,81.54,1.16,0.0
Singapore Normal,Normal,28.5,23.2,25.76,1.3,17.4,81.0,1.21,0.0
Singapore Normal,Normal,30.0,24.0,26.44,0.5,18.7,80.83,1.11,0.0
Singapore Normal,Normal,29.8,23.4,26.47,2.7,17.1,82.75,1.35,0.0
Singapore Normal,Normal,30.1,24.5,26.79,1.5,18.2,81.33,1.29,0.0
Singapore Normal,Normal,29.5,23.6,26.36,1.8,15.8,86.25,1.34,0.0
Singapore Normal,Normal,28.8,23.4,25.99,8.2,13.2,88.0,2.08,0.0
Singapore Normal,Normal,30.6,23.1,25.88,0.8,8.4,85.92,2.52,0.01
Singapore Normal,Normal,30.4,24.0,26.56,4.9,9.2,86.96,2.55,0.01
Singapore Normal,Normal,30.8,24.2,26.77,2.0,9.7,87.38,2.32,0.01
Singapore Normal,Normal,30.5,24.4,26.69,6.7,10.2,87.5,2.34,0.01
Singapore Normal,Normal,29.6,23.7,25.82,14.8,11.3,88.62,3.08,0.01
Singapore Normal,Normal,30.5,24.5,27.06,3.2,9.8,85.21,2.35,0.01
Singapore Normal,Normal,28.4,23.5,25.67,7.2,14.6,89.58,1.85,0.0
Singapore Normal,Normal,31.0,24.1,27.28,4.0,11.4,85.0,2.11,0.0
Singapore Normal,Normal,30.1,24.4,26.78,2.2,12.1,85.58,1.79,0.0
Singapore Normal,Normal,30.3,23.5,25.93,5.9,14.0,87.46,1.78,0.0
Singapore Normal,Normal,30.8,24.0,26.53,13.1,8.7,85.33,3.72,0.02
Singapore Normal,Normal,30.7,24.2,26.67,10.5,9.7,84.71,3.04,0.01
Singapore Normal,Normal,29.7,23.1,26.35,10.7,8.8,85.62,3.29,0.01
Singapore Normal,Normal,27.1,24.1,25.4,8.1,10.2,90.79,2.66,0.01
Singapore Normal,Normal,30.9,24.0,26.99,4.0,15.4,85.46,1.65,0.0
Singapore Normal,Normal,29.2,24.1,26.15,16.8,14.8,88.54,2.89,0.01
Singapore Normal,Normal,29.6,24.6,27.11,0.9,13.5,84.08,1.58,0.0
Singapore Normal,Normal,29.5,23.5,25.75,12.1,11.6,88.42,2.73,0.01
Singapore Normal,Normal,30.0,23.9,26.72,1.9,15.3,85.71,1.38,0.0
Singapore Normal,Normal,30.1,23.4,26.96,1.8,12.5,83.67,1.63,0.0
Singapore Normal,Normal,31.1,23.6,26.8,1.4,8.2,83.71,2.67,0.01
Singapore Normal,Normal,32.2,23.5,27.85,0.3,11.5,79.71,1.85,0.0
Singapore Normal,Normal,31.9,24.7,27.87,2.1,10.2,81.5,2.35,0.01
Singapore Normal,Normal,30.6,23.4,26.88,7.6,9.7,86.67,2.69,0.01
Singapore Normal,Normal,31.0,24.6,26.96,7.9,9.9,84.0,2.83,0.01
Singapore Normal,Normal,30.4,24.5,27.3,5.2,14.0,85.67,1.88,0.0
Singapore Normal,Normal,31.3,23.9,27.36,16.1,13.5,83.38,3.37,0.02
Singapore Normal,Normal,31.2,24.7,27.35,3.6,10.5,85.88,2.33,0.01
Singapore Normal,Normal,31.5,26.0,28.02,8.3,10.2,84.04,3.22,0.01
Singapore Normal,Normal,30.1,25.3,27.53,11.1,11.9,84.79,2.78,0.01
Singapore Normal,Normal,29.8,25.0,26.79,12.3,10.6,88.17,3.09,0.01
Singapore Normal,Normal,29.8,25.9,27.58,1.8,12.1,86.79,2.15,0.0
Singapore Normal,Normal,31.1,25.7,28.01,4.5,9.0,84.04,3.0,0.01
Singapore Normal,Normal,30.8,25.0,28.08,3.9,12.6,81.58,2.04,0.0
Singapore Normal,Normal,31.2,25.0,28.06,1.5,8.2,82.54,2.86,0.01
Singapore Normal,Normal,31.3,24.0,27.32,3.8,9.4,86.29,2.61,0.01
Singapore Normal,Normal,31.4,24.8,27.76,6.2,8.9,84.17,2.98,0.01
Singapore Normal,Normal,31.1,24.5,27.64,5.3,11.2,84.21,2.26,0.01
Singapore Normal,Normal,31.0,24.9,27.01,2.3,10.8,87.71,2.21,0.0
Singapore Normal,Normal,30.8,24.7,27.15,10.5,8.0,87.5,3.62,0.02
Singapore Normal,Normal,30.6,24.9,27.29,10.8,12.9,88.0,2.66,0.01
Singapore Normal,Normal,31.3,25.4,28.03,1.1,9.2,84.46,2.45,0.01
Singapore Normal,Normal,31.3,25.6,28.46,2.7,12.3,81.5,2.08,0.0
Singapore Normal,Normal,32.1,25.1,27.7,14.0,9.6,86.38,3.88,0.03
Singapore Normal,Normal,31.1,25.8,28.0,12.8,11.1,82.92,3.5,0.02
Singapore Normal,Normal,31.4,25.3,27.68,12.9,14.6,87.5,2.99,0.01
Singapore Normal,Normal,30.5,25.3,27.87,19.1,18.4,84.29,3.43,0.02
Singapore Normal,Normal,29.3,26.1,28.1,0.3,19.4,80.38,1.39,0.0
Singapore Normal,Normal,31.0,26.2,28.4,0.9,16.6,81.33,1.61,0.0
Singapore Normal,Normal,30.9,26.8,28.38,0.0,10.5,80.46,2.43,0.01
Singapore Normal,Normal,31.8,26.0,28.64,0.9,11.2,82.5,2.42,0.01
Singapore Normal,Normal,31.8,25.7,28.67,5.4,12.0,82.92,2.58,0.01
Singapore Normal,Normal,31.8,25.8,28.81,0.2,11.9,80.62,2.12,0.0
Singapore Normal,Normal,32.5,26.1,29.31,0.2,9.3,75.75,2.81,0.01
Singapore Normal,Normal,32.5,26.5,28.99,0.0,10.0,77.83,2.53,0.01
Singapore Normal,Normal,31.8,26.4,28.69,2.1,11.3,80.88,2.6,0.01
Singapore Normal,Normal,30.1,25.8,27.73,9.5,14.8,85.79,2.35,0.01
Singapore Normal,Normal,31.0,25.3,27.91,12.6,12.9,85.5,3.07,0.01
Singapore Normal,Normal,30.0,25.2,27.69,6.7,11.5,85.08,2.34,0.01
Singapore Normal,Normal,29.9,24.9,27.03,17.4,12.9,87.12,3.51,0.02
Singapore Normal,Normal,29.4,25.1,27.24,8.3,13.8,86.79,2.16,0.0
Singapore Normal,Normal,28.5,25.0,26.73,3.7,15.1,87.0,1.89,0.0
Singapore Normal,Normal,30.5,24.7,27.63,7.7,11.9,85.25,2.31,0.01
Singapore Normal,Normal,30.0,25.4,27.47,0.1,10.9,84.21,1.96,0.0
Singapore Normal,Normal,30.5,26.3,28.53,0.9,12.9,81.0,2.12,0.0
Singapore Normal,Normal,30.4,25.6,27.57,3.0,13.8,82.92,1.95,0.0
Singapore Normal,Normal,29.3,25.2,27.03,34.4,10.9,88.46,5.27,0.1
Singapore Normal,Normal,30.0,24.7,27.18,7.6,16.3,86.29,1.83,0.0
Singapore Normal,Normal,29.3,24.1,27.38,6.2,14.1,84.88,1.86,0.0
Singapore Normal,Normal,30.6,26.3,28.41,0.9,12.8,82.0,2.12,0.0
Singapore Normal,Normal,30.4,26.1,28.38,4.4,15.1,83.67,1.99,0.0
Singapore Normal,Normal,30.4,24.5,28.32,5.3,13.8,83.58,1.93,0.0
Singapore Normal,Normal,27.9,25.4,26.5,70.1,11.4,90.04,7.6,0.52
Singapore Normal,Normal,30.3,26.3,28.21,6.1,12.6,83.92,2.55,0.01
Singapore Normal,Normal,30.6,24.0,27.68,12.8,16.2,86.58,2.52,0.01
Singapore Normal,Normal,29.5,25.2,27.07,9.7,10.6,87.0,2.62,0.01
Singapore Normal,Normal,30.5,25.8,28.11,0.0,11.9,82.88,1.87,0.0
Singapore Normal,Normal,29.2,24.8,27.25,8.7,11.7,86.79,2.37,0.01
Singapore Normal,Normal,29.5,25.2,27.51,3.5,15.2,85.71,1.72,0.0
Singapore Normal,Normal,30.3,25.6,27.83,0.9,16.0,84.96,1.38,0.0
Singapore Normal,Normal,30.5,25.5,27.32,14.0,13.5,85.83,2.97,0.01
Singapore Normal,Normal,30.1,25.8,27.89,7.2,16.4,83.04,2.01,0.0
Singapore Normal,Normal,31.2,24.6,28.43,10.6,15.9,79.33,2.38,0.01
Singapore Normal,Normal,30.5,25.1,27.49,1.7,21.1,85.42,1.44,0.0
Singapore Normal,Normal,30.0,24.0,27.18,14.2,14.5,86.29,2.63,0.01
Singapore Normal,Normal,29.9,24.5,26.85,4.5,7.9,88.12,2.96,0.01
Singapore Normal,Normal,29.1,25.5,27.38,1.0,9.0,87.79,2.5,0.01
Singapore Normal,Normal,31.2,25.5,28.35,0.0,14.9,82.17,1.48,0.0
Singapore Normal,Normal,31.4,24.5,28.13,9.0,17.1,80.83,2.3,0.01
Singapore Normal,Normal,29.2,24.5,26.69,13.1,10.4,87.54,3.0,0.01
Singapore Normal,Normal,31.9,25.6,28.17,0.2,10.8,80.62,2.21,0.01
Singapore Normal,Normal,30.8,25.8,28.22,5.8,10.1,82.79,2.76,0.01
Singapore Normal,Normal,30.2,25.9,28.35,1.3,17.7,80.62,1.52,0.0
Singapore Normal,Normal,31.6,26.0,28.69,0.8,12.5,77.92,2.05,0.0
Singapore Normal,Normal,30.4,25.3,27.44,5.6,11.2,84.92,2.33,0.01
Singapore Normal,Normal,28.9,24.7,26.83,2.9,11.9,86.79,2.03,0.0
Singapore Normal,Normal,30.9,24.4,27.68,3.2,9.9,81.88,2.39,0.01
Singapore Normal,Normal,29.7,25.0,27.25,2.9,11.9,84.75,2.08,0.0
Singapore Normal,Normal,29.6,23.3,26.93,4.0,14.5,85.42,1.68,0.0
Singapore Normal,Normal,29.2,24.2,26.89,10.0,12.6,85.79,2.26,0.01
Singapore Normal,Normal,29.9,23.9,26.96,7.9,15.9,86.75,1.78,0.0
Singapore Normal,Normal,29.5,24.2,26.53,15.3,11.3,88.75,3.2,0.01
